in0,in1,in2,in3,in4,in5,in6,in7,out
0.790157505158416,0.154700550358057,0.554272910053584,0.589591465016579,0.652272837770745,0.80900523949175,0.727238928916312,0.722376524184307,0
0.966113059249949,0.0829560070240111,0.427090773221916,0.313591847054684,0.036717205739518,0.688759354783924,0.747233358561382,0.0848733985011019,1
0.744550508849061,0.0804154857099376,0.534022749926439,0.874443146078141,0.0588862245013999,0.941213605579162,0.234061969233105,0.138623163600606,2
0.386798968868802,0.33977531222025,0.758027786866878,0.176748571185492,0.545577615344888,0.645454761239891,0.264392558029377,0.762565880858817,0
0.000759671236073269,0.339114042290858,0.865157240115037,0.730986816780641,0.0618212646507307,0.209777304247955,0.0902728758699349,0.183840805155566,1
0.497581200751384,0.680769991910466,0.914901193136323,0.99079143236831,0.0409088444513,0.355208157883616,0.881591043429342,0.513112147203509,2
0.531146292041931,0.372347119167134,0.246749935512467,0.270516320276832,0.120390984986074,0.682657573956924,0.272929194768927,0.861645809274848,0
0.475195133037277,0.512203831605157,0.533742577824714,0.152646857824447,0.0701419016624257,0.915401415802704,0.297802470309283,0.61796586063286,1
0.841104648038839,0.78031862842195,0.212917973361891,0.535849306683595,0.639756946274541,0.296344485260334,0.653013429582084,0.106018993524904,2
0.221653368906664,0.749486941369341,0.411809404794258,0.103274858181399,0.610809464055162,0.310698891663884,0.501801292513741,0.186794395737266,0
0.985962158942199,0.376767760366173,0.800467228959628,0.650620701997612,0.0899186762676708,0.393438526745286,0.983170849984083,0.916097245944566,1
0.472601466167793,0.211454360391728,0.116131284235647,0.0702352242332217,0.651437397490031,0.527503926224513,0.33222995799081,0.247100457599081,2
0.280537689501219,0.112121508716742,0.396720715272267,0.791283294122332,0.437025389033529,0.431563938256314,0.284290786151736,0.0485891479955163,0
0.547451112824787,0.600381263158569,0.979069878520728,0.472788143810939,0.00359855670866297,0.82249131460065,0.899881700419715,0.69411933092403,1
0.866368356809997,0.53181029772654,0.502719592666883,0.216549582856889,0.0261251052818963,0.653720486302884,0.572290406087885,0.268258425649102,2
0.307280303196051,0.36069634635224,0.620359303239367,0.51571212719172,0.723430898050251,0.227255557028108,0.102551380010081,0.886785365799536,0
0.371172456556576,0.644191966474068,0.0870282327094819,0.0968112574892739,0.160077956237575,0.113785204141788,0.0939152170442724,0.924084701465412,1
0.0266025464410728,0.128653938749308,0.0467245590490678,0.4531613169763,0.860063170521842,0.179144762620933,0.778987250560198,0.128757644639571,2
0.015525498860473,0.415656907258019,0.726037208599619,0.0801791287988127,0.117064091405149,0.570520161796483,0.882514040550727,0.7063116633023,0
0.958777218820873,0.365212750435172,0.422749943174787,0.234943193661376,0.240141858316544,0.504546393917162,0.304740202397938,0.00407079386402719,1
0.631073257137215,0.502541610878566,0.919871461715649,0.186443262995684,0.583952239561736,0.695121367240013,0.371464332795007,0.306273893006703,2
0.666520419709357,0.636270725171506,0.32020629670759,0.980180383210953,0.829333205329421,0.64458457232594,0.0997945442278604,0.426218841398126,0
0.262400034748935,0.906323603805889,0.762722113568243,0.532260977138721,0.914421633003698,0.581254104644779,0.851086732283254,0.215859996141797,1
0.457825366611686,0.830270405799513,0.338159834870125,0.263612352294342,0.891326194829349,0.686420788000297,0.0170485892904941,0.863155647523033,2
0.48735906030611,0.0996294894805962,0.343481445447557,0.91057540768732,0.0600266926236218,0.955301142378564,0.334129841333464,0.336723598807067,0
0.973225015419531,0.909516154499102,0.865405830943182,0.546346426448332,0.0599020643534328,0.931114186093808,0.0344863403548591,0.452074194826774,1
0.709338467056422,0.737282325774733,0.900537531824748,0.0934121953179017,0.980374667356011,0.846797945102632,0.477383329312091,0.929429836948357,2
0.866291262901488,0.536217010176068,0.160246609564718,0.722989374609172,0.946705456140825,0.0671716547073794,0.0302621161690234,0.692089849200785,0
0.620471896812733,0.600012539258817,0.546416139060362,0.536818575709403,0.651909323713278,0.442367447923302,0.616899896259269,0.146482549442002,1
0.678137754709649,0.492406133874139,0.510813397555779,0.13476877143701,0.0367388241719532,0.52857851082938,0.981105967823526,0.374424836245565,2
0.847549187996735,0.109140612175153,0.732506627341791,0.797272778588128,0.258597131782916,0.576052828107085,0.992126394762721,0.910871338583458,0
0.917194548013775,0.761669991635694,0.319087668233906,0.936827901123066,0.96961398453998,0.647613902773935,0.48244674396611,0.261699481405563,1
0.23054866392588,0.207999850930322,0.333284260959119,0.700937629496856,0.251512048205273,0.935525318716971,0.226757362690807,0.561664329655855,2
0.37938378321198,0.0242855455560977,0.491799459300665,0.536968804231535,0.17666453518915,0.665922097675557,0.181485453580039,0.484212969307168,0
0.893590711659927,0.948117517593184,0.658427879953122,0.813814577925894,0.335069115446465,0.278566233901365,0.493811334533582,0.912312008586207,1
0.83853152220596,0.07170937340418,0.46392124955549,0.338436111646339,0.068914006934832,0.162637036388617,0.67584178799152,0.3209562583265,2
0.714321689909208,0.157537686692428,0.824434192088879,0.586502625301495,0.23452301703345,0.631337378077932,0.867000148949374,0.0385415068566755,0
0.664902240133825,0.435591055866414,0.587536611794457,0.257807522311081,0.110642201163044,0.0831129638842427,0.830280497692781,0.417479151730228,1
0.646399222498293,0.440971646890799,0.0000577439198047691,0.968328972429128,0.256740103628727,0.00317781129074057,0.798984558714792,0.91371965603476,2
0.688609844961739,0.703357124688056,0.50082686697508,0.442239012535702,0.809808649297704,0.207579400733632,0.335618868308926,0.188693277532654,0
0.324562472773058,0.336305310245351,0.265919253968976,0.0221267314633946,0.400588197597944,0.194585418264017,0.522440888694123,0.604087035955032,1
0.632299700733399,0.498024532043038,0.112162114397152,0.401790814981989,0.309477320571597,0.558865370865441,0.127386948074462,0.345017450696689,2
0.363629492714465,0.763864886988017,0.935241166470367,0.250586176158253,0.832666647025387,0.276825936632753,0.521550615980881,0.775438512846196,0
0.80778345034987,0.65920582685819,0.0700052723147527,0.0218784036175444,0.934375783242706,0.0660767907463112,0.869874229756493,0.653795245563572,1
0.966512666562894,0.793737563498429,0.506824876067333,0.607834167071342,0.715193780078897,0.803143632384397,0.967678630660629,0.308270526882847,2
0.612785715089726,0.591023214176523,0.381943047859204,0.95518780366923,0.397973027337022,0.294475304505007,0.756847540783031,0.777259400497201,0
0.0255421573887013,0.986648914688538,0.482907830918861,0.00428383385460661,0.0185890224417461,0.0667558560747389,0.136791536331816,0.823939964866822,1
0.279559688880978,0.524272862444291,0.0880286172622137,0.603018909129972,0.275078153094047,0.629529569754175,0.383229282636467,0.633454389025266,2
0.224783164264899,0.0563922811241379,0.986348359372089,0.0611624705771835,0.548235173199261,0.149473958652038,0.0644554084634737,0.636043709808956,0
0.501401000066992,0.0675974390475279,0.601690996298885,0.569215455359318,0.86163039987268,0.0105260356576179,0.801169952675141,0.634367837082201,1
0.0605016624123871,0.661930505828433,0.497531618049911,0.683384109143703,0.347807697032693,0.285678039845052,0.378981449682242,0.978354123872543,2
0.58229490961655,0.801156003743778,0.898114513315249,0.130275951054925,0.541972057487784,0.496370759198924,0.578862554079825,0.208506894082289,0
0.419675254559346,0.566528467136267,0.312100729639382,0.795064085552539,0.9309494933379,0.11836704426473,0.293346938206048,0.374983885645886,1
0.553149182245034,0.208840551082737,0.406723544613926,0.177513241598753,0.119495068838263,0.847327475597636,0.685927577872323,0.319668894783622,2
0.754801486263713,0.62337401313142,0.51744214340272,0.832115519591055,0.152722701354568,0.0147486392547307,0.0839854444518837,0.577050439564883,0
0.113420671217535,0.467936215130546,0.914193254990043,0.571694231124689,0.948579126113233,0.900848262577213,0.276907890048834,0.543628256151396,1
0.737255403350117,0.931755448602999,0.948116674249487,0.15491831445213,0.497586698826911,0.570544378960149,0.385175812460371,0.124761243612997,2
0.951592330737553,0.282218538044407,0.381364079152523,0.946910100133725,0.776055904564563,0.546704782945704,0.467651908561065,0.176460391991972,0
0.839776249163182,0.709940196917854,0.539641817924687,0.0631196322269345,0.610536532221682,0.339301143861107,0.196534260448674,0.224902961348653,1
0.419157656361446,0.110956675901614,0.615448693808034,0.207544871428248,0.96729556477527,0.38197939397938,0.966784799338401,0.32064962665206,2
0.0869885949369988,0.295463714171018,0.334612732333308,0.599033649726627,0.867785899913355,0.843900733688343,0.521053639116542,0.904987104335929,0
0.607649517713891,0.518431011630742,0.323195518348207,0.288266448116053,0.270875007571034,0.282489635534243,0.992730677306212,0.330278192725941,1
0.974879926166675,0.0346772650716449,0.327836772807118,0.664939213078083,0.143006584059798,0.185793846407035,0.577599421466601,0.158842339367157,2
0.813659800990923,0.165852917849446,0.293748799884037,0.946862554372334,0.00332918886476958,0.838274812945534,0.0983600271995305,0.0545056846479493,0
0.91241570408202,0.479540096840923,0.503953316482215,0.638455192990344,0.429906321095155,0.890710036014452,0.52631823774411,0.547609461700076,1
0.597646828167599,0.737636543372208,0.693117977528415,0.940381255690074,0.35977148480757,0.38616791310879,0.526824016401055,0.0256736005236664,2
0.725879535482343,0.114854593597204,0.479466381055219,0.378401327075373,0.539221195561401,0.78870438817325,0.306199607612823,0.40986484542339,0
0.844921859356495,0.0624543072941205,0.966350523704324,0.976492738984451,0.708803744548256,0.426337313885941,0.856782737256134,0.738124506628891,1
0.669435415133513,0.612825373570291,0.192941561821022,0.121036268963427,0.671370663819101,0.618030829935842,0.354149099528559,0.578182464351651,2
0.817189721290784,0.527203117783988,0.921234845203788,0.136258056050833,0.803723267979945,0.00734881330286608,0.116917051253601,0.538462560485642,0
0.751901217646276,0.853702951675964,0.637422998155087,0.424923247514909,0.72728391943452,0.653242560874692,0.0927604139745934,0.765762683069059,1
0.551809399704436,0.619823318852888,0.294141342186985,0.645869410056487,0.15366713531626,0.0578728833603042,0.431928067323328,0.692918032710907,2
0.429930990440355,0.645893314665724,0.334030866277114,0.173883091255229,0.675368057340015,0.886418466276288,0.220670628978306,0.337553319883737,0
0.470486063712562,0.703554472039746,0.105195571543218,0.575001118548986,0.642523179406032,0.947353024584283,0.3100552152582,0.0816870154823936,1
0.992358265298633,0.964500379778482,0.493867250936056,0.697256247964318,0.687642405966852,0.282133651932356,0.132280647068542,0.581522950524348,2
0.125291501890553,0.450802572932336,0.643721350108153,0.980220773595324,0.354973348955645,0.598060888867794,0.900310964787857,0.942169495405469,0
0.329225412671478,0.877478861135738,0.735298377300082,0.139701975945025,0.153768574990312,0.842757353437312,0.56127288727392,0.607271363449044,1
0.533254625962542,0.0945764508237654,0.316440348744774,0.239497314259306,0.771946371954,0.49614300581704,0.0566300623788119,0.602885199982384,2
0.175671407217689,0.28692600830524,0.622953641757151,0.549487957911388,0.160972013908113,0.8925505287619,0.217050907059084,0.692597900321864,0
0.905863099528468,0.116216933924422,0.453392599258893,0.393003808760659,0.357618330987342,0.108416568825928,0.660989200164072,0.342880125523494,1
0.403926274918791,0.0468174353736031,0.680056167432076,0.705346717086406,0.918930821047112,0.997657473114303,0.651818726258112,0.723579308226883,2
0.488687352301324,0.241782446621757,0.0417487445408413,0.947335118136613,0.804532613462801,0.0149869672535571,0.70533080183717,0.524863348678564,0
0.483796716746118,0.701714097351496,0.146130360308232,0.224330536945018,0.655196289902864,0.0480696187571647,0.268904796749275,0.475427974903863,1
0.416021606224509,0.0212201783635452,0.908831463779397,0.654062878016919,0.604143078578168,0.383163207394303,0.0307194419722912,0.0466518950346566,2
0.326451727041835,0.667184524143186,0.525156097837665,0.69988496699509,0.932797287678089,0.553020611388774,0.832948356535668,0.669590127521304,0
0.235555490179975,0.56532345301898,0.271603238619221,0.130355916993311,0.273151637934375,0.344839611509532,0.844257443199916,0.718087244351689,1
0.699366801067363,0.55584534068895,0.190170197041487,0.419635856552538,0.604956890623578,0.101766491324711,0.0730829467294427,0.902404215160924,2
0.434141080731003,0.503940995527821,0.714561055239398,0.805782825946742,0.625423808906109,0.483626635199192,0.596947185364461,0.678783304240905,0
0.914281653884848,0.180843258155594,0.132043656735795,0.50275867108103,0.519900671784807,0.578610049915576,0.475294567800854,0.204801995999488,1
0.897112813014117,0.538764508165473,0.845823532997793,0.625021567024961,0.147619385101483,0.705697593951691,0.903016815980322,0.0304605888748804,2
0.757139721979548,0.737576029253526,0.263889085721913,0.694523190352706,0.546420168083146,0.918223951445306,0.90896992882225,0.880385347301,0
0.263705091686779,0.0515861221143663,0.701465292170448,0.320197110357653,0.456690344382584,0.343232426722124,0.723336525056414,0.994142826119751,1
0.271362520601696,0.770157422569224,0.720316280685908,0.766645450361227,0.710537545868147,0.564881274358078,0.690692301593152,0.364599270229437,2
0.448829762484852,0.787153800559743,0.532025860424222,0.882545242983952,0.204991005910453,0.294663350209475,0.996421857560054,0.316571304715764,0
0.0184637552032382,0.209218187144136,0.164087697347713,0.467267397146996,0.00544593396116727,0.251701040979168,0.685889705870254,0.576485414929774,1
0.126356230440173,0.277516436010771,0.0451961594002367,0.975297054692621,0.214515902157542,0.615605105843658,0.17083163221347,0.797906110137387,2
0.714709783134013,0.168180110426748,0.063502344281033,0.277795273031717,0.356083681745972,0.88095063234176,0.432830022730574,0.000282525392385318,0
0.922210094616385,0.131175933713169,0.642611655058075,0.481846823267818,0.44091253836472,0.401382830242408,0.320484757675539,0.151898755646313,1
0.224596569430677,0.450656628422569,0.984070303348627,0.0914752521822158,0.531745791479871,0.276457252240394,0.497371571066495,0.534693116509,2
0.70877818315167,0.0285942745617263,0.322533862035306,0.37294289960187,0.322604394214613,0.0117926377235804,0.984130607606915,0.359243786886718,0
0.899654882443857,0.495807113562062,0.467043537524664,0.976395425041123,0.915419547186243,0.928711798364652,0.0792809040356299,0.993546260938678,1
0.0356536856044911,0.351420439871019,0.514425946530998,0.705450857032749,0.234187934254376,0.663165802445659,0.928413765919606,0.303090106120219,2
0.293358564969509,0.26138446009253,0.350649636139851,0.88046374863944,0.0662128617407657,0.0342694375123051,0.072764312137586,0.854604211315361,0
0.695679547315059,0.722957766876957,0.0375470073341759,0.745912541060357,0.0304767441615793,0.0980934300202891,0.749328420167035,0.91322716291803,1
0.109147409555474,0.191136564371948,0.882750363736029,0.439576994271592,0.870515614543147,0.0547325603731982,0.916164571066722,0.538612767836589,2
0.1394107168109,0.385821220593267,0.96903667098885,0.694962828647027,0.516805875201036,0.325566722645939,0.762883394048703,0.186385407222488,0
0.525386810146981,0.129715265244018,0.548236987357174,0.312125676119427,0.979179933834287,0.919428321183119,0.115488841972609,0.145305591701115,1
0.0135474859790149,0.492554949314449,0.757717855918552,0.0066663685292307,0.784800223490599,0.613959018530946,0.893607848215547,0.408823571364249,2
0.29424724609765,0.97756215075339,0.32548475919944,0.351714623029749,0.669532110382695,0.120139446835094,0.971482049316425,0.0925679148256595,0
0.71979200178392,0.984474414632559,0.892195828445495,0.53981386330109,0.34380173739793,0.663765407323407,0.0837590717324091,0.951312274299282,1
0.565434464898058,0.30751510160209,0.168770925164422,0.792253727614299,0.700172448354906,0.113245894611842,0.253560516787063,0.526420408690891,2
0.454229230090752,0.910171945554341,0.809708455500441,0.601628031065219,0.92892832769427,0.368616798464108,0.235722073130199,0.891782376185599,0
0.881657678701265,0.351754026281789,0.978735926999957,0.993963412230934,0.979554917581586,0.477019942255171,0.313228970965324,0.459502935045579,1
0.114675667378383,0.31643685503157,0.947191245068653,0.233905903459394,0.364083575114658,0.320060034296376,0.546329329997722,0.113639352375268,2
0.956566780473085,0.150863800803603,0.53205545440349,0.0317922416019264,0.130151221912475,0.872272833947731,0.589675141783905,0.0956759303512286,0
0.405783773413271,0.174695161511414,0.284898047033347,0.420356411383813,0.124642091468412,0.23642996186731,0.606381926753272,0.948427085081534,1
0.312668110582488,0.449879200232509,0.415017006986242,0.0884522924951742,0.68045693665598,0.988965658415718,0.681649468993274,0.788840084957996,2
0.372364762014623,0.976455337931876,0.503091479591253,0.486853475090908,0.38898788996031,0.432338328560865,0.589993713672498,0.964755867578568,0
0.273780672679364,0.329470950863899,0.533714488005216,0.477801123815336,0.289489027394744,0.776950255153001,0.249528170997082,0.48535548421608,1
0.285502519116799,0.0236126266236729,0.828413242202969,0.0642456556822263,0.655241913264755,0.779219561943129,0.0610286292391455,0.644141117867493,2
0.153341542580168,0.915699195807139,0.245737773801539,0.238744138629228,0.618835123926585,0.724040460117605,0.354417850395131,0.727937685176202,0
0.168600564633865,0.28492831988743,0.625195537305383,0.986522970392634,0.301493043796298,0.755389358542846,0.57078186878637,0.955441240596672,1
0.891982416656095,0.809507166636298,0.0896696548847182,0.0837313366778717,0.578821653260712,0.471918552830426,0.102011988485114,0.0281477522287703,2
0.366913153859792,0.747775849318794,0.796004723131464,0.956882708739994,0.156474772771608,0.0134616523640001,0.818614690640425,0.336337623411084,0
0.510412152909567,0.582266568630665,0.976812709507567,0.799037104859162,0.0648161891294612,0.501611151228591,0.690309696594432,0.222481637835452,1
0.419115838090989,0.93688990479868,0.975869025691954,0.784536030326603,0.809408848502674,0.720211073956758,0.844966117777748,0.587986605516269,2
0.164645852221333,0.219040675438789,0.0795133817383836,0.712657333502041,0.570708248907043,0.385267331934479,0.740063371472134,0.23056652527509,0
0.650274726089124,0.86575747447171,0.807758589220013,0.566327887344838,0.156977270741257,0.0652827246757376,0.603309347201954,0.552538796121403,1
0.0917818137198183,0.394262695874268,0.562301893615699,0.36687448085322,0.0609243456498296,0.819935475084711,0.666011773930619,0.471198410954419,2
0.206589688139821,0.193466810547356,0.537931453175474,0.467666057181049,0.858045857076418,0.0786673500773002,0.130729149737366,0.584065452461829,0
0.821673343164446,0.370580501328657,0.0179831676661647,0.733239937738978,0.681692440673783,0.989328733345817,0.776486419743919,0.320855632446306,1
0.520525776122867,0.125324157737434,0.186207973358886,0.534267338028771,0.079594649942903,0.63938043533883,0.581464583030957,0.236506333547842,2
0.411808184655325,0.627933829924487,0.278994056022542,0.0136611733302068,0.321261389720784,0.028862905284716,0.869936887094897,0.476632517036032,0
0.911159517531485,0.98192303923707,0.557638205298075,0.377325438058659,0.11252418859275,0.773207152305485,0.456265180674915,0.492321994499179,1
0.226975505044044,0.803621201020041,0.669475451006285,0.180816661582114,0.178446849137788,0.942487153531164,0.923016871131418,0.834401525906644,2
0.693938695031652,0.361710092995814,0.694693136713928,0.120437650421896,0.573046252021909,0.970368134249949,0.550223612629208,0.953849157582724,0
0.416564863801889,0.697777884712583,0.566936457121618,0.980352093018744,0.343035738950792,0.0309175935528567,0.502412064489857,0.0712298846300217,1
0.864670643201736,0.143566901786299,0.278982159936407,0.213893030483678,0.709564962769471,0.686117161465852,0.387808442557242,0.24234078596547,2
0.900567213554653,0.274447074262558,0.872904242082518,0.92260549419023,0.536250576135297,0.230548468847769,0.627464103113943,0.199602248632093,0
0.145918074397656,0.881015696573446,0.437097887058088,0.797478896981643,0.0905790138302983,0.335817144173895,0.877048275940801,0.912542780594694,1
0.804951865191051,0.242012096340918,0.730990630502941,0.966542396143538,0.690261823712982,0.939406079731805,0.354610131710591,0.339033232926143,2
0.151255601355062,0.905164512556208,0.44586131225565,0.149970841071191,0.877993221300763,0.853639346136968,0.279375871533923,0.321622333719007,0
0.415179907829877,0.58171508319026,0.3169897377428,0.552858378800024,0.418869532128573,0.379413696885417,0.85738693572243,0.708001666637797,1
0.689299844456488,0.447359248941613,0.536785569326081,0.726970261151278,0.323536547090906,0.43657150297441,0.634690187079781,0.696814765136517,2
0.695111642588908,0.491648036432434,0.203304205005079,0.717854744028877,0.271292431326712,0.898818201900003,0.835141114189531,0.917030248331403,0
0.440308992629168,0.753265773818722,0.312076506853767,0.422720628760203,0.846250093208509,0.675547812712849,0.0762477719426075,0.792595713370654,1
0.33995482364222,0.824450471603964,0.674250868086232,0.895251940743011,0.370985708051469,0.415475027325229,0.932429912526473,0.0509155135871027,2
0.450165355487705,0.140432902238198,0.727333791513163,0.891578168066875,0.0241904733172372,0.729528252412716,0.672626427974797,0.475543074447826,0
0.501751354091297,0.337788025932229,0.92724208625328,0.982834954154634,0.20300480200243,0.68362346909057,0.751523220524446,0.239039902100695,1
0.501037080988667,0.676656554274816,0.08345081801188,0.932983403346821,0.787597355381781,0.0290857339457216,0.76895585639744,0.457763281328119,2
0.0389661297960357,0.649954325547106,0.739333072915028,0.83314673296652,0.935636939318223,0.8796351175142,0.72100070160532,0.534400684553426,0
0.842098689210635,0.92318522342002,0.878576862326793,0.362012670418758,0.534762444430337,0.558460279653636,0.0850474144845568,0.850596104337445,1
0.804086229242994,0.100580416143174,0.79059698139628,0.41004332101494,0.55300256804677,0.752173664415212,0.253898249375994,0.376640458623317,2
0.889776215348872,0.718394678016801,0.29107619136325,0.0493728744711778,0.564172365590095,0.941948399328287,0.641279828711036,0.994679165793889,0
0.885601105492148,0.204344593548646,0.952073088917343,0.994015748318625,0.815904805349034,0.375327805245969,0.927794533705968,0.313723335376757,1
0.899629601472368,0.91350125318705,0.815462325023967,0.27464535075742,0.101238437275667,0.247159992342763,0.0890676844860846,0.719889730909767,2
0.777905587857624,0.0569060149451462,0.452173619227092,0.81801787149047,0.646872697494493,0.0591808186504848,0.976738088998559,0.704411364528828,0
0.983058779294338,0.803447859517224,0.0194391373351784,0.766624954462029,0.534844376112884,0.213042512916686,0.170010845742546,0.424347629170736,1
0.363336466878288,0.663181835885502,0.133505115774186,0.0511802492398091,0.18332912675722,0.401212155008719,0.340763948192926,0.23030635654475,2
0.553304207938667,0.484737425652727,0.957060059476612,0.762613494723068,0.41339017414798,0.901405429628969,0.115366509683423,0.0766385244722768,0
0.201142137948674,0.25561491896704,0.00118947348429259,0.822720467933213,0.624163060198606,0.358656360739422,0.854224185669218,0.666707008968714,1
0.208065728624279,0.687298009281789,0.422731084205854,0.843080601180547,0.0475005455546229,0.646210082731308,0.995502108632658,0.796792928062847,2
0.894394127194617,0.256485672393334,0.261915577965779,0.184211074766502,0.827842665182969,0.79278815349325,0.759557465777954,0.616042291050089,0
0.784903257115211,0.814750417371748,0.0407508948877022,0.481221367994941,0.477408873594412,0.77004577184266,0.49784661184468,0.646315711690421,1
0.873786089032565,0.0983336310576678,0.695389297986632,0.220011676100278,0.479924206342523,0.553813553902049,0.860897539509438,0.46623219157124,2
0.473496912497178,0.0736169361558281,0.875132601789721,0.144546127793055,0.241443851455352,0.682685655274948,0.540814961349821,0.828919886009158,0
0.863368833625158,0.806042691069346,0.642576325113623,0.249615764180211,0.0462079724560152,0.917621359803424,0.622465762588131,0.767746679043373,1
0.838323867055072,0.674315120149562,0.49048360948707,0.103123948211655,0.0684625216118265,0.321957006827689,0.762487381581161,0.133141086250817,2
0.828412261231912,0.262696069464449,0.586440029049149,0.523525489292326,0.79458479769845,0.207605451512175,0.212422178116187,0.488039450770115,0
0.627777249902439,0.514554891017565,0.684401261546811,0.0480533834416706,0.453516788122979,0.449276551280947,0.624402467197938,0.632472149813329,1
0.782308215009597,0.897268583771239,0.732334982238664,0.28111401684094,0.328312072214699,0.789527240794906,0.0977400025216526,0.721456292673309,2
0.486498512435842,0.0553715330678533,0.913165496360529,0.53420424946944,0.385192003248338,0.99004943868274,0.0203275939694127,0.656474725667317,0
0.57045714766972,0.13079022605545,0.262562329138208,0.309052524682306,0.00700163026182692,0.761336514352486,0.782689154497295,0.531818027548262,1
0.0356893488410898,0.375278532051189,0.183295835898315,0.297441367614872,0.706423214872966,0.177444909101129,0.485207546420501,0.23344507903777,2
0.0337205971925276,0.917358130444374,0.281944022022742,0.979275442375876,0.887803927662449,0.810399569929928,0.273781041372442,0.877125002274875,0
0.556864515214826,0.533671257820353,0.177045919474326,0.7059775734522,0.745594149376759,0.45371881499044,0.0726893000324678,0.76780783540062,1
0.532819106897044,0.418733641004354,0.751635630527112,0.396280081837501,0.703701547758004,0.139387020308358,0.223208093422365,0.495829896248746,2
0.45776945207856,0.912379956216579,0.736227026942666,0.318714390562963,0.352710290673853,0.419904674815208,0.916111681009036,0.777753525453201,0
0.672885013408944,0.20226267240027,0.832763572013768,0.332592805454341,0.843777589640173,0.886714593145663,0.349433859284444,0.0411698555975958,1
0.638050647401943,0.280348895697392,0.838569946202338,0.553890959721454,0.520428900673658,0.204237059771841,0.549146567388468,0.503845690891848,2
0.432546730779714,0.721073708344705,0.181665869190974,0.266183905858377,0.674860125946411,0.188972653572033,0.693374012959532,0.713962107294139,0
0.414574099584646,0.175238640997899,0.697608145794495,0.27360986883459,0.124340028957076,0.421484655311002,0.000776312816889011,0.787772740123116,1
0.434791398382737,0.673895213120437,0.537022499928433,0.585642874992397,0.577887896538487,0.820210193835974,0.145396417984104,0.405216294752608,2
0.87424245742607,0.614349164365209,0.653806173203738,0.551264715943172,0.100494994495246,0.31207442271906,0.645466641197435,0.66053408620414,0
0.291194980523008,0.351479471880374,0.707080023754702,0.620325484754538,0.335039207539475,0.721757746086962,0.411487389463088,0.93867497720333,1
0.497348957670832,0.0301050027376538,0.682660702574291,0.592678088806647,0.61757158681858,0.404910159469723,0.260582560008764,0.22136235405185,2
0.498306370889158,0.3337247339572,0.782968265873831,0.0906122312046894,0.0703895301085783,0.203130548456366,0.599567795628612,0.92083186506057,0
0.052359727305577,0.458196387591277,0.0498814322877338,0.726617713201882,0.929526608349467,0.730295158694658,0.665963873775735,0.556738840046119,1
0.629088125605855,0.722284747921585,0.172771697169587,0.0401310177968113,0.308891064780178,0.41930787708242,0.946680913309741,0.710360515715123,2
0.337559502466929,0.0313058367326262,0.0906806914204498,0.696055375266955,0.24981206422699,0.477751945041772,0.361592077568008,0.22953590606677,0
0.727386716020294,0.739150233038701,0.746238514110208,0.733297845805215,0.187435376350487,0.258708121183296,0.374415603740278,0.421615952760502,1
0.580401215612831,0.942235315689303,0.268779638016013,0.095331470482022,0.239429106148165,0.18328379635071,0.964068281810949,0.219939770269709,2
0.295917649443239,0.105988506138359,0.291308188416896,0.337651327868071,0.612906387378311,0.264147077312754,0.593345805674803,0.272638551310785,0
0.859232439842389,0.949586966802846,0.160542101652682,0.693919299266856,0.489589939233651,0.684192937338377,0.38800759365485,0.651289084751078,1
0.155791972053485,0.646944095263589,0.307183886860928,0.749976271304181,0.0342760296890608,0.644099243028527,0.33100080347871,0.738208237039859,2
0.97109623942396,0.388914483037652,0.721544604180213,0.401496526897061,0.675866501025294,0.302144909559361,0.766518558938839,0.708143584536977,0
0.400751122461928,0.48813130805669,0.0497138103493287,0.537159363183042,0.89173173254704,0.907497293490937,0.704208636886136,0.578975657756946,1
0.379542015486703,0.267950761334523,0.343878255453018,0.06210606427284,0.0824490441604118,0.977285019698425,0.567295799785655,0.180091927077922,2
0.777715136760633,0.543548152536294,0.776943787967685,0.345138225573655,0.519790471782867,0.104128415877662,0.629177334511833,0.859252917147384,0
0.983590448178615,0.864523198604524,0.0564454030400435,0.797105562127153,0.798807047555442,0.738168323585983,0.123761849570436,0.719164431483107,1
0.256773936561346,0.749958288593714,0.826681287077574,0.118931276972538,0.627816591070966,0.125579128242068,0.0322913943943544,0.969818502331727,2
0.920289875481079,0.109494866670232,0.432153733497359,0.865344950459003,0.268028871795078,0.0954334489402812,0.687560656895715,0.653501737720371,0
0.262106117600243,0.346047068487002,0.844260370749694,0.53218845139085,0.521011378046743,0.854232946700272,0.0158689393914121,0.123872612029922,1
0.443787381577493,0.0310447778109868,0.0772715455781567,0.454207505626721,0.895819197543252,0.885472818061855,0.193837686300414,0.603011404778498,2
0.644261511466561,0.683508206642951,0.73033036345887,0.641759200106408,0.075563234761435,0.842522043677314,0.467645921301828,0.843801455597161,0
0.295695571064992,0.201191407791512,0.958260161322823,0.396815869398138,0.11921526578456,0.778722079429464,0.555980394456365,0.0754336169090845,1
0.394148936658479,0.457909704618182,0.966211835753855,0.93517342128308,0.284844725153499,0.982316148283615,0.0828249510000358,0.075553167628866,2
0.651574610728463,0.95966549016449,0.16926323079709,0.109519033648424,0.408596716037,0.990828475074415,0.705401840461661,0.591005201299823,0
0.929740326374274,0.353050892863662,0.806878259983464,0.958326506066533,0.310842458380552,0.78345989707042,0.864290801688468,0.41652068054245,1
0.223972220990576,0.792511088737093,0.0750071571453726,0.850178939175617,0.891419323596268,0.440916210465659,0.201871119851962,0.766778923870967,2
0.191525064852734,0.012738419152158,0.271446471941439,0.363461384342492,0.289453222371569,0.397013341135932,0.166372666725284,0.452973797157279,0
0.176957308622058,0.772833677614627,0.113784320915324,0.0702209278600271,0.747318389766785,0.494709717542331,0.443284478370269,0.179442520695437,1
0.687300780321316,0.652285438189846,0.158164820527193,0.924629390298243,0.543577629794484,0.440083288464601,0.534685140489929,0.947713096452131,2
0.464097180252149,0.453757715425958,0.780175465777408,0.058064044615078,0.663210882577076,0.720906505368762,0.712405240401281,0.813095558585173,0
0.401286278507604,0.57962644738901,0.511836168201912,0.444353622016957,0.0283967126522786,0.39558121729459,0.903335771658029,0.629542190722132,1
0.636321381171689,0.376051438246281,0.123042385690855,0.743319441538743,0.437170854015886,0.893483954527831,0.715282581036106,0.288875373179602,2
0.880306952831723,0.990537286614489,0.559438918942942,0.204948761483077,0.164726964261964,0.0392766692422072,0.803971624608841,0.286218404197941,0
0.146983965287139,0.816934921098384,0.724056235842423,0.223588623217013,0.846338371017201,0.35368900554794,0.725113663926352,0.760062930541358,1
0.93272943457344,0.0464942111714548,0.190156162079323,0.695839122941047,0.232607696064289,0.800919020074452,0.885291633656904,0.890552204589739,2
0.457295447864766,0.258516583881265,0.895320829649909,0.706254381169447,0.84529553402872,0.214524219901804,0.556987879742241,0.357445379849633,0
0.972280074523745,0.445322389618081,0.0749328499801187,0.721801333490516,0.686629799491648,0.221621005514052,0.415103284565148,0.108854104654901,1
0.233440583490526,0.545232745642448,0.137047072853783,0.0509538787984363,0.423517749129441,0.268475056138787,0.389722914712319,0.712791433373829,2
0.944040140950195,0.838780111416188,0.741198218767565,0.0965992554801402,0.104041111348007,0.570682384892889,0.173329011098537,0.623592763966609,0
0.947582016872578,0.323781391296445,0.635523106224608,0.0124577586139508,0.915541016767438,0.136477822936105,0.396159801022122,0.696427343969504,1
0.0528213773142416,0.594040042145114,0.796763637773801,0.939182695622709,0.661250522566536,0.451084500114334,0.453473111173886,0.156903998185052,2
0.932599596040312,0.10127022526126,0.710045821900482,0.462050236311437,0.424902643209712,0.353863878464072,0.785245587042005,0.0856942284767643,0
0.638693124971337,0.951997473435859,0.961456918185697,0.0180287544045107,0.861133722833192,0.37591723903933,0.130162292008235,0.540847712857892,1
0.120193407363396,0.572222266543693,0.189274951197278,0.465302608061482,0.626807456808542,0.361141188112585,0.643781909931002,0.822376678082977,2
0.26897416781209,0.875602013414443,0.160593072841218,0.535618046170226,0.622466079613164,0.665703853707373,0.248440833699328,0.221968436617867,0
0.869959528054543,0.123817323304156,0.448287482827793,0.426102214628335,0.664313874792409,0.484530312643858,0.225330994753234,0.399035283635653,1
0.679430005449606,0.060231397171351,0.479963632876503,0.583039842800117,0.127925299294315,0.862596658571498,0.141974353851878,0.974025042256031,2
0.377240735303051,0.583834589786681,0.0454099748748946,0.83006999028056,0.246595250384153,0.284818863516161,0.0580428528891115,0.581587311330772,0
0.308927993509755,0.626762914094867,0.314543653487206,0.17529240060271,0.0363942107517528,0.610499954778201,0.12949523480405,0.79366164972594,1
0.830673329947552,0.395952148231708,0.121118192088607,0.930826299300041,0.244293944934216,0.283389152855692,0.545798434466894,0.00186241634677896,2
0.0135763407319268,0.205401770810306,0.545250278333761,0.756628898592601,0.0552701528306185,0.684182440337184,0.772077963236133,0.046721875264522,0
0.177925714823202,0.779472857826064,0.900731006445987,0.606051347279178,0.877197765067067,0.950550190332849,0.428126349119758,0.369344506036815,1
0.053795807863643,0.213028152638286,0.584522858993868,0.0410288225484598,0.926330001693135,0.677737085368204,0.539804908587019,0.297098968295583,2
0.504663533023541,0.511890512355815,0.331778283054662,0.268622055349218,0.111717950966067,0.583714245418847,0.143829217048742,0.395085526619277,0
0.618566412647889,0.097163999130421,0.107336298200993,0.504065263007627,0.345256100863973,0.184096244496849,0.701990274179704,0.349481837570373,1
0.461504755842375,0.624043228767762,0.0942528341651177,0.0627874245707175,0.610492200953129,0.905641071852939,0.184065014337102,0.984653329529157,2
0.348304846687333,0.158899737152047,0.338971203267147,0.830704875129212,0.206465416702298,0.808416596280282,0.806779549451396,0.961645219457744,0
0.898374560168366,0.896360115533027,0.769129180100919,0.983057552575488,0.44805542741563,0.686462584151935,0.131080635190968,0.723037115304409,1
0.640270623726188,0.841792145693553,0.668864540581537,0.915763186408983,0.669138059265077,0.277540532292345,0.888626304622969,0.629636994448001,2
0.237871016996388,0.403153263028284,0.0141413673895183,0.737880644889091,0.566804580067586,0.432159027017444,0.575869842046303,0.534236164627441,0
0.364248276361398,0.0848865400732148,0.0984002330230835,0.264250300172116,0.805157859601401,0.114029944323033,0.79114030776631,0.589738592984836,1
0.380483898787372,0.957124632842447,0.376294631063859,0.591192676912395,0.249687547292119,0.347879059024311,0.966121475175886,0.00487385967114853,2
0.358143042338055,0.968000458604437,0.0148847247450182,0.941972606362353,0.0627010527114922,0.692867723858779,0.141441671383568,0.20125176914911,0
0.920385114497455,0.924080695432977,0.0328316607676538,0.480328239916311,0.113393519037433,0.907122987502101,0.616322575987689,0.394502159749927,1
0.646630904824544,0.720200483786045,0.0370604836748456,0.929532908371469,0.00153006284648629,0.917004312067057,0.488863537801936,0.701208083385849,2
0.493367842555798,0.544900872634738,0.0161700073530985,0.77396637357403,0.853930212708136,0.411230622675559,0.17917050149886,0.146226028658389,0
0.53330227970947,0.741722519254257,0.619486613633572,0.435921000763834,0.891582557829318,0.488877913696683,0.888963067400289,0.744319583930542,1
0.967285816582502,0.997354487612821,0.285106886446063,0.665833444910241,0.497550002864841,0.546996616951991,0.440680797686009,0.598623819556281,2
0.425819444841041,0.781179108588399,0.468035400474198,0.867961220262438,0.134874734910505,0.708614561919152,0.0331216140519952,0.545737698111626,0
0.331705270081069,0.708329102237116,0.810907381257534,0.12958428386165,0.271332556039208,0.536611398117779,0.0941314818048945,0.318306339835759,1
0.388450414703183,0.353090873644956,0.0554267306491011,0.225091042231119,0.803983498292597,0.317061974518096,0.682368935190461,0.714895987338678,2
0.339039063431165,0.84503787362462,0.334828789373218,0.46721883255756,0.0577226218662112,0.338599643241316,0.112926580652254,0.731857154163018,0
0.319440050709769,0.0193612440822446,0.522533102533295,0.860681685551426,0.727767912988979,0.710768880972609,0.8805661425033,0.561668846588117,1
0.113241903807063,0.512580291444764,0.400323835161532,0.661816032332165,0.829802921404446,0.798703046864886,0.731214103594164,0.133840950275486,2
0.979250888571804,0.367760997189796,0.67586749820179,0.354347869850012,0.789893618424592,0.46438640394103,0.382655742352278,0.429335907109741,0
0.667725414578905,0.162907048354392,0.867022231213818,0.375547945041792,0.39230167809908,0.131168016370619,0.51249005477043,0.16346732950856,1
0.0379301566580867,0.606113722873314,0.656762500785111,0.886147406276912,0.438144360550808,0.160419720095177,0.43583575997114,0.586023989844336,2
0.11460795353457,0.263847849625067,0.237777885593604,0.530990264218982,0.551073643122145,0.784914513376252,0.717035576826881,0.839975565364781,0
0.325731350194835,0.859952172767943,0.823507244856958,0.0051859183395177,0.67028912253361,0.182448285176385,0.329219551536656,0.356640413832349,1
0.781451160016995,0.369694479620528,0.847079844701063,0.174739999443281,0.938823651589917,0.405998232333366,0.980800768306518,0.837282914554845,2
0.367103595188093,0.73511143262399,0.623234675930322,0.648008429406193,0.27285423581588,0.49296933981823,0.410040658064252,0.675838590879597,0
0.457644906420949,0.862481589880412,0.890600821597158,0.130503266735785,0.0286910802263188,0.427467083042029,0.469033203545965,0.954812483344613,1
0.812351621830201,0.0581533435671975,0.288534768780156,0.641913408973047,0.989746432734594,0.424674690032057,0.947286805479687,0.220306891243929,2
0.88143525502782,0.143741891230316,0.0508730697979299,0.930970191147907,0.883935928501271,0.578941930152417,0.911515783465254,0.538892271767042,0
0.592402895690417,0.437434639001415,0.878502925121612,0.655222531656982,0.591939980367391,0.210193458131677,0.236400423812364,0.0768064929607885,1
0.203614990341268,0.560518311268083,0.828696079838466,0.11280678433211,0.643565289150787,0.862400409817131,0.34555221955445,0.417964063966756,2
0.866885337633453,0.273144828296933,0.862530393645842,0.710821229365213,0.727742212636002,0.333241402638636,0.28483489552027,0.758567075948572,0
0.807095244461627,0.250542632006485,0.725758238656212,0.0521347010436824,0.261623513744431,0.926539770434158,0.047851150479078,0.704818777064457,1
0.27350366773043,0.739961837237502,0.720558720312842,0.760445560066029,0.527039395866335,0.282828455881458,0.700782343613876,0.207055514545052,2
0.115692935013909,0.34269988157754,0.709438952113757,0.0907210768228319,0.641750974805295,0.934675385984891,0.80115289199829,0.290564094714248,0
0.455618497984816,0.124209182385919,0.325575123565819,0.690367330127904,0.798681034458978,0.765115092645103,0.424488703999292,0.695531670692975,1
0.249007547810391,0.214453092970686,0.476985152122348,0.627288483529711,0.0871560568392096,0.607461582491729,0.907501193210615,0.386847132609446,2
0.937713984797484,0.78972606633721,0.894432119543568,0.0400929240956319,0.957416954758052,0.360996584439557,0.13452950014216,0.574741620694233,0
0.742386670682194,0.468711336634953,0.939127508149152,0.340424767024176,0.105803315411602,0.398151537181541,0.605936357949311,0.373393677357218,1
0.119362694227321,0.477034372797379,0.399588851428855,0.0348905551397448,0.00579847360129719,0.482779458159075,0.403464014826549,0.182611415225704,2
0.196123273126112,0.854005170397057,0.34979211950923,0.82512648534228,0.204582035282122,0.0372949442288226,0.0193185285997452,0.983960172959428,0
0.381484966141607,0.0485423729958125,0.525552303370567,0.827317505916678,0.92842450494287,0.554319994028704,0.243373341344847,0.0353722319842105,1
0.791952836193962,0.429302836393736,0.955652162009321,0.365213215567181,0.755001330428714,0.379754016090822,0.995068315444328,0.416496938498393,2
0.938183105523315,0.0360018801245344,0.700881576834801,0.72169927125166,0.0373513329145882,0.996925085057777,0.982860774542878,0.610948474049123,0
0.331180053651394,0.940244546588173,0.946779174701608,0.131159698755729,0.433828340562249,0.802428648341858,0.206048438343823,0.882905799274118,1
0.00324153288832893,0.267846771399668,0.507867545041014,0.277089183719551,0.116617202487208,0.674406489358562,0.132653082617062,0.589308199561542,2
0.0660130613781889,0.322111475002479,0.191867280066075,0.0456123897996713,0.138212822045379,0.615393444181935,0.926431203893803,0.839483201696026,0
0.63019054738957,0.962658393994781,0.358599713125867,0.850746330656947,0.806278782263916,0.739593920639571,0.308127755368638,0.147365147423903,1
0.584376370753327,0.96477889204209,0.975685801498418,0.771695379250073,0.329582758757864,0.934661578155609,0.698007648285994,0.0576269306697457,2
0.744935703227189,0.87822470789137,0.969816747292187,0.836652721013934,0.0326748736727458,0.167006762618961,0.829128578910827,0.925336221484032,0
0.0807061357862296,0.554376981587134,0.170309237112761,0.489297268908915,0.423918119063041,0.76144510718881,0.685154305384239,0.0400606645405414,1
0.325997709563596,0.551913309079598,0.311246092242836,0.34151801676045,0.553091639606899,0.0252128337437524,0.451375403179867,0.11835500191272,2
0.0738189884128446,0.264224146567802,0.641055218826369,0.289560207107945,0.423282668514651,0.291160221028331,0.712317436796693,0.239016286785716,0
0.89480040582313,0.0258818862138204,0.180393474535325,0.0017795983673496,0.0199569226237729,0.515098201233109,0.405261807882918,0.0935935985508761,1
0.262585534542827,0.51034275063573,0.578093639107867,0.647415775286582,0.911534998355089,0.771699854643869,0.736691280779334,0.712610890238279,2
0.0428513685730682,0.283390751055999,0.975353773081932,0.0710862763894895,0.063236701222348,0.210872591470761,0.510938103095106,0.0232824271164012,0
0.560800337051668,0.467936549445277,0.583148795782344,0.41782420541249,0.844148335953831,0.854350555590412,0.839855643300055,0.50085777709677,1
0.164753060193694,0.689893847534334,0.600701178746741,0.0502496432419836,0.691737831376057,0.814239695281311,0.191783303460322,0.586107754434291,2
0.823040372500421,0.759111695108168,0.930761263465416,0.253021433312262,0.735623246219086,0.714830256872994,0.259001019091035,0.934018228374293,0
0.56953294946589,0.928794277680162,0.497055001325889,0.606123650795416,0.514758721560298,0.487237259918217,0.263050896703937,0.324793467128481,1
0.398044630939882,0.912268774296581,0.849670510285042,0.076204619258188,0.32301349374191,0.227099207808804,0.530953009092373,0.843035925209996,2
0.0586324425634667,0.21414415640122,0.778581491275894,0.328856778230697,0.60741797722252,0.344917304164323,0.299189410404121,0.706908481672754,0
0.890351175237434,0.310422297768156,0.522587385787819,0.601202834279377,0.411023512259436,0.247675269636652,0.879447984399341,0.0959852425106633,1
0.0529804111177209,0.33751383453199,0.0729520413681555,0.0259340357781622,0.122331549560939,0.0259438339862991,0.667367022142473,0.229025409236115,2
0.208732079644096,0.866476187307348,0.16386132383198,0.683929488178426,0.536672432906935,0.487507750342124,0.614058310469519,0.989539674976093,0
0.486908133374727,0.367438624402294,0.379748069430556,0.650556806061765,0.98607286893325,0.762451688827385,0.455437950038265,0.600819087523163,1
0.0961486563068472,0.940134014933221,0.918949335953343,0.741092126039035,0.485878290575665,0.896636779590887,0.744755656705201,0.0139318097248444,2
0.0610866776491513,0.819108122136002,0.34429299863296,0.125417157076398,0.835232237067169,0.097055668798247,0.700667818398672,0.981871133904816,0
0.157682776713877,0.286815326754026,0.0979834605373629,0.581453487084283,0.438259800163814,0.0789676293876248,0.355198009783253,0.805334550020329,1
0.936831843963339,0.0769926794867187,0.62024218130501,0.617090125879924,0.64069839735256,0.745683267239894,0.92171350787637,0.856696495080979,2
0.763872351752974,0.673297986315514,0.11701215550088,0.539727484691975,0.816950759814765,0.295236670102991,0.220637449175687,0.0102217770262185,0
0.0412517037475853,0.782474276087122,0.847327071095717,0.670385841670197,0.0114155975496684,0.0962034935781466,0.53090099403523,0.207016607182224,1
0.321832573017843,0.204799406186668,0.158406634055696,0.740717160394171,0.984863031368614,0.0717795861366813,0.261240516172486,0.545531514125273,2
0.388036050411443,0.162313047397895,0.123915226462269,0.738720561461893,0.960437388145797,0.155959657169804,0.570657634034451,0.996060808623154,0
0.93295079904329,0.733265615786244,0.939247441518448,0.944251761379617,0.222825218465164,0.211960179428344,0.262631513976228,0.458690411940405,1
0.523096568143757,0.603549294191313,0.623204185930145,0.31803142322078,0.586103178160164,0.382262294995168,0.844437494201472,0.614847949869778,2
0.693686780383909,0.965059037797464,0.398481615120049,0.751813222061364,0.925467615270664,0.936484646289595,0.268810440878332,0.0346962749117157,0
0.781330311012236,0.0253288324626249,0.784067785836266,0.938632356119799,0.351922637139154,0.744282496404717,0.0704219264311942,0.265129454650655,1
0.232768432853902,0.608797214087027,0.508460002176101,0.125993356329843,0.302834023317867,0.17583324190712,0.415718270916899,0.994933953068708,2
0.941065335931043,0.866198698330991,0.96804627517449,0.455666106121741,0.502350825198895,0.812250639863661,0.915660932643585,0.389527165961303,0
0.0623174830439554,0.837713163452243,0.781449546504544,0.587536647277516,0.760349740453613,0.842423984482065,0.0744049139444738,0.912370426811145,1
0.776693422092315,0.219191655469214,0.259970500931002,0.0172011866589933,0.259095872783837,0.0025969622890595,0.198223024935049,0.994328912438304,2
0.162334407449071,0.665117933244719,0.3555143732457,0.0982533749517306,0.496997537072896,0.663418415596225,0.441934359605125,0.806671882054956,0
0.526533529854958,0.724352804457235,0.0242962668957531,0.563943827744262,0.681436106124985,0.627101627726835,0.979122342754417,0.786358778535582,1
0.139023684857226,0.425977848461772,0.0729312571027379,0.761450169847527,0.28652574572971,0.0636386869397857,0.534121635023458,0.564641304106039,2
0.537938157615339,0.658202341654717,0.972364138689706,0.800376842855659,0.790283509094054,0.875316094498045,0.977532830628731,0.230653568910828,0
0.0910220987796001,0.465193488674196,0.506589067124408,0.298522719482006,0.184099149040929,0.337227582650104,0.438096613486096,0.127356635841362,1
0.575381094893319,0.25456763489353,0.332570321593994,0.557761665358329,0.106634640111099,0.0821167647995343,0.161203429706157,0.218218266183676,2
0.407640337048912,0.945772010764341,0.0919820374153262,0.19041422410831,0.138594954168221,0.44045502393153,0.133829296318735,0.409314782857536,0
0.315393215765704,0.0243750279144208,0.696945929204375,0.574024125702475,0.597869871311521,0.00916801454903507,0.28238001294794,0.636146530990591,1
0.0517023857391479,0.565781929356309,0.972239798792249,0.830198634914587,0.25455997442425,0.328482333290287,0.943610397092376,0.583173982521085,2
0.036137874565207,0.762906642929018,0.742045829256779,0.264436367523939,0.12118389641994,0.687285283647377,0.920839489909757,0.00509592479001218,0
0.711634244179574,0.850762434628687,0.40123166218729,0.519294925363684,0.107147339104369,0.879650727491568,0.406792145961723,0.0752539352914318,1
0.888768126196609,0.788535591404493,0.326271672321408,0.158615555338281,0.781581110097871,0.748719512198843,0.829388848335312,0.251178830790435,2
0.351330013705445,0.609118770243828,0.1218257572185,0.340695005677261,0.475232445776358,0.441763284559398,0.0852731108582524,0.080979034528394,0
0.926818332622959,0.306764133871346,0.129197870096785,0.385460471691346,0.684100983722597,0.215882473094816,0.797889600535424,0.501668121430185,1
0.838377224009748,0.521268176770105,0.881541667334511,0.699620050616954,0.853702667827701,0.663912017082451,0.273929740484688,0.339432012838467,2
0.414424140198092,0.20652357823149,0.496297106706187,0.802402387908852,0.352341757210221,0.149521752222328,0.31259904255589,0.574454199295822,0
0.943886786499279,0.931756773559335,0.716587343044419,0.163690794319816,0.792005358216485,0.832510153963012,0.214231401287549,0.388361692894261,1
0.379667830042833,0.392634405194932,0.34677967913783,0.0636357445387479,0.494337072682436,0.581614823398966,0.880912095240489,0.0749566600985791,2
0.827888372667743,0.785189676923736,0.951313149383309,0.634539211141905,0.0312695769556041,0.257974515369541,0.259804291245778,0.650510205260133,0
0.945973478662157,0.238828895215274,0.700219444685688,0.233001785373526,0.0649411838539204,0.904391365765562,0.477577864139506,0.000945641193757784,1
0.30131110029019,0.713134762286361,0.39572951594579,0.657919635174654,0.93385715542396,0.611674507211334,0.617352735864616,0.348567175548476,2
0.321647746427841,0.996156954211376,0.97225595853816,0.0862386155513094,0.489372477552304,0.862499599635191,0.903920219819135,0.143909630558756,0
0.00896376280282086,0.4821249926599,0.394532426802806,0.703513652002773,0.266612039447709,0.489452352453044,0.96321373872903,0.679263823194988,1
0.422878059023151,0.804259965868767,0.49538416721445,0.998108063488294,0.650721722021702,0.744382681708755,0.899013188468318,0.06819688360418,2
0.606011877857393,0.504048940755419,0.436973346083459,0.976434392996612,0.555259020405502,0.70283913772668,0.12837532064244,0.639727937931843,0
0.90977211051644,0.713816102565473,0.354107053408598,0.441012203186966,0.46878258904143,0.487461335105802,0.199637616645511,0.668091324498832,1
0.676999832699369,0.416456903638885,0.583189988877492,0.89796140391145,0.516824140245911,0.0355030391723943,0.871338589314188,0.246503826402746,2
0.967672424676237,0.0976462746915542,0.644503992206728,0.166309784620635,0.236495506181377,0.201439311870736,0.708664426073196,0.62593377679468,0
0.0159498477305482,0.824371881394312,0.421416188892226,0.894003169399273,0.977129227619653,0.962303407625917,0.0301329131638449,0.522754417811359,1
0.00702063651829913,0.377629029982172,0.893722498009158,0.192161285094386,0.00374613809060323,0.206359224980043,0.459876032982076,0.972373487939055,2
0.57533932256943,0.0988671603100925,0.847168298182306,0.0530926754617378,0.663629775064246,0.264658186013601,0.170818639583786,0.7336528820927,0
0.0388915336205703,0.181017062059223,0.655494841273859,0.676242087932364,0.652363433518983,0.556222230528644,0.123597833853773,0.384377051173674,1
0.586615188422774,0.0754581589737185,0.526935855590239,0.540044775561574,0.571999791631447,0.684153661998441,0.387475421069479,0.770036701044168,2
0.782274264039771,0.246986606902338,0.880650278205946,0.821458506863599,0.00442268276957725,0.329003655790155,0.979094099173,0.0255026025511677,0
0.0810442145462046,0.959368230579862,0.330179735820567,0.533671000518822,0.652758552311522,0.238413001613119,0.460166857582929,0.674299443610758,1
0.458720641562051,0.567618082980012,0.867975162287086,0.851161573967201,0.650239235302878,0.146803422765969,0.067075605410397,0.533061292272657,2
0.580197705663426,0.147645732488236,0.877151458348753,0.332930867720311,0.232045090787334,0.387649487923529,0.635709997098886,0.5876503525854,0
0.185430600132306,0.840637871060997,0.215275677354719,0.171977329596545,0.296423464482404,0.57465315612186,0.883054036722769,0.381908790618383,1
0.741508577820347,0.852449740091909,0.192332029142219,0.922477265595088,0.922553658079691,0.893949020308348,0.845538964319876,0.0453809687817769,2
0.561883447489979,0.464520372013265,0.795965603578351,0.0814397799912312,0.139709073624745,0.515311129899279,0.897677942536688,0.950781814873834,0
0.992297669633442,0.854961347924501,0.338768088950718,0.73441808957393,0.53385689941782,0.485913399760594,0.894736340800913,0.319116710845286,1
0.877594689968575,0.735361812185921,0.427277883201611,0.762777284941966,0.341662718549878,0.383778935577786,0.634110797747443,0.511809382905229,2
0.680432841263475,0.549792689521318,0.740539255085383,0.377265407970526,0.927341753558795,0.490813169398547,0.657220493282399,0.746391072452088,0
0.911808662523189,0.468095701347525,0.692550655600134,0.391565707921353,0.990452779436334,0.319385950129135,0.78448227863445,0.60819725744717,1
0.790367367748089,0.0554435931781758,0.590858790994532,0.184277726923052,0.882567986991632,0.0869235731566114,0.0722752614793634,0.489552605684369,2
0.814515505298059,0.869013248754856,0.887076442947413,0.0631485099671988,0.948047536883449,0.821103913318969,0.719840125508055,0.908844439073959,0
0.0850944667079385,0.695880477684532,0.154580799111793,0.384907859818162,0.794041019114084,0.549215011665524,0.975348589166885,0.866078640639232,1
0.724825459801038,0.0304201950462868,0.538896738084784,0.829623552197175,0.650921491016968,0.453386258473212,0.709975936959751,0.355519367169166,2
0.218862538088686,0.590720614984413,0.810228079447065,0.11074118798678,0.159177489502296,0.504653883301766,0.340945219766332,0.495518381042054,0
0.382280226434824,0.074925556608707,0.211985104472094,0.99849820067495,0.992549704588104,0.490269192491187,0.053125591830108,0.319102136290878,1
0.22002063859611,0.34941742877288,0.49869827742972,0.161302476206881,0.324594579715582,0.739788228390064,0.819712333894145,0.823161155104653,2
0.180142013739772,0.233196173036955,0.938718428724109,0.547840901105836,0.913608138189762,0.248572605655269,0.967890983134387,0.497661985563745,0
0.538146422534134,0.585081780183618,0.324681960595756,0.442811176575121,0.934135953454425,0.811885405308483,0.964640831375628,0.115613059430984,1
0.724503555981572,0.719365882995092,0.452838079617971,0.378603397657936,0.286227597683859,0.0218023422829088,0.447491616048108,0.357541474201799,2
0.942035894781118,0.863940031552644,0.84423220206707,0.873454908237434,0.324068004491552,0.0808216782061409,0.130336469223049,0.291087632681205,0
0.485137055077381,0.24252301953262,0.703364242823152,0.350430789495357,0.515011516065383,0.0552815125583163,0.915482703696816,0.736916465085347,1
0.466592676867621,0.783666634115871,0.507787470529178,0.217593711093125,0.638971246362585,0.594980906792364,0.832178091557338,0.12641559276526,2
0.200764475810703,0.0163221505811819,0.09655076444054,0.586983747406245,0.411276259519481,0.342795254604963,0.772125668410118,0.345506590161274,0
0.489012052725383,0.532615551825231,0.176731526333668,0.370403199983008,0.451530410337301,0.291011216824256,0.837438839329338,0.523885592018872,1
0.268135925229387,0.544867714714878,0.0223028760477276,0.0329407139023674,0.538030460499952,0.705895971663838,0.362382285837552,0.2625998855313,2
0.926872698712703,0.255771142969924,0.474169800660676,0.508048251367384,0.802373220992381,0.469156250566488,0.842491603227053,0.978948739840439,0
0.383953046894363,0.53836623154933,0.871791308844879,0.19483270238119,0.203312332158367,0.650009114541234,0.0376083626442955,0.47047912382961,1
0.352621219255132,0.733198951882024,0.159773436424788,0.670639109409916,0.689149083122702,0.631384668991114,0.98034334022202,0.776496056271692,2
0.508381665670383,0.204178482098032,0.0532043768725729,0.728381523792701,0.775022464551054,0.178970566511047,0.211257756098779,0.452275378231011,0
0.767393365443017,0.013343967355479,0.830134603337373,0.572617803358538,0.225548980050093,0.528560818655175,0.277571149652875,0.151441090214854,1
0.878005431009947,0.560460883370016,0.314611184594025,0.844265682523114,0.214859294297695,0.472539923708216,0.937439662811761,0.704517300695138,2
0.437973536529841,0.215785539696074,0.565404262159922,0.700170495535938,0.98511423296265,0.994091415187612,0.366928653514273,0.0620271588752632,0
0.0409441075835455,0.714019752104183,0.260555464505443,0.880108064467949,0.309508462477288,0.937794771203955,0.914632946913904,0.265775533234539,1
0.648499518075698,0.127631067477127,0.842012190082063,0.41730691088441,0.565400172485122,0.389291334114942,0.218868484113163,0.708040673716628,2
0.828115693759911,0.213886020158576,0.515675299462838,0.33400458471673,0.429751325219454,0.654722215698368,0.437740407175225,0.748148893235887,0
0.944035129279315,0.625721258955212,0.501080963363017,0.196533586075077,0.66655937418648,0.126163456625002,0.225459109831621,0.494047501324914,1
0.670731164389464,0.323758606337441,0.696752023818642,0.617008043909534,0.553043529324857,0.236790168080395,0.689489850114252,0.0538746229149215,2
0.410769248630619,0.192226859664911,0.261646029625263,0.362433936404992,0.767605905908763,0.721744768762268,0.943994565501706,0.492398580918297,0
0.965132922491639,0.850392359334124,0.374734312998496,0.300029103395686,0.134905815008609,0.838840986791123,0.442299430448948,0.853120466065467,1
0.0645196127417545,0.115823659921519,0.797772037142516,0.442056601664921,0.617342195662864,0.358435388771412,0.477472360451913,0.401186793234972,2
0.798327683559147,0.011159489291108,0.489474622534481,0.89628084679054,0.276228066495195,0.828976138935975,0.0508277966715691,0.797575997354671,0
0.462653659003574,0.326396398680742,0.971792439170038,0.168826025021313,0.351724265789603,0.957076050756464,0.471923263890188,0.0376823064314568,1
0.322207475752892,0.719735694724623,0.686411762227703,0.652616872924739,0.375456470599902,0.858831496305644,0.174335197748482,0.83501725987405,2
0.431086251171559,0.431510872359055,0.471996552577138,0.653580025795096,0.322466613889482,0.065616572089574,0.217518202632028,0.403446253652816,0
0.66633104765045,0.21837215530829,0.0439580589610667,0.155525758244859,0.276616245965831,0.753952158798999,0.397110179625952,0.236784368827055,1
0.515660568724214,0.902747156301278,0.870214624746703,0.858152220114415,0.451100875968878,0.71947851360867,0.63012889103284,0.799939223224737,2
0.0934200826514741,0.855828168173643,0.0924077073644342,0.828622002789636,0.242467185379574,0.45467169590211,0.938995639941887,0.280969887266673,0
0.641674723067451,0.991373145486604,0.70922848320739,0.321454415389755,0.689417384405452,0.323401020955134,0.396199540732481,0.59232956758171,1
0.869100389557,0.959808342333543,0.810623248090751,0.768294773658555,0.882659164021979,0.481982672697139,0.972947153670105,0.330320322424738,2
0.256284082691273,0.0199413681697579,0.741067534770775,0.193987877883144,0.411175072203519,0.702503351700626,0.848056652952878,0.505146696397811,0
0.532290527255483,0.494627133610971,0.080737071484652,0.769601994301985,0.417043479885142,0.577699516623021,0.67152244857571,0.305605374374546,1
0.396221475192783,0.184126400440438,0.589953175020755,0.290033978603871,0.987004645993033,0.980745511175464,0.546547595616447,0.420970593860732,2
0.57162054341152,0.404462964254328,0.389694305232486,0.578354467831348,0.147329402363271,0.93990786231849,0.989595737992063,0.197987937123097,0
0.361007851551773,0.85408871572181,0.593537329996584,0.608948845055474,0.696163692672028,0.371864564386315,0.410552561179457,0.637571800236241,1
0.803596469068297,0.245206991232535,0.24075650442194,0.543711983641943,0.168542859588546,0.0130986199100802,0.286006760794913,0.949769526328809,2
0.461161133234244,0.22846971136355,0.973719599045025,0.523401519889062,0.769880452317721,0.420232421742608,0.717801409497891,0.984231389767628,0
0.572156345984226,0.6443882263787,0.0783602644091764,0.712270834633204,0.793870216933936,0.495373286348376,0.0204284109536591,0.499856002858736,1
0.0537663178882298,0.392649292666431,0.0107471802115069,0.768383919253926,0.608747979559035,0.666314977224859,0.547321754075822,0.746221606525224,2
0.959685385170064,0.127102500395041,0.914446736848959,0.899212863106306,0.395466268955833,0.992659319836576,0.938959527547591,0.486081842784333,0
0.40373530594909,0.906998049298101,0.318327242637411,0.822902709170057,0.549050747343209,0.729566068340863,0.463409373790196,0.244029481464574,1
0.0573178662756005,0.472528565653742,0.212026118180192,0.508967581612807,0.743464105459358,0.641567443595056,0.15537948259829,0.800960273437289,2
0.840397481789035,0.200478012522897,0.140740608242128,0.348935186540448,0.830588565603799,0.786869789352947,0.676694869336619,0.601062588496447,0
0.339685935857351,0.242829685494804,0.526148057241094,0.816983406250108,0.402035725811822,0.206225199897714,0.75456614189567,0.47645547606056,1
0.230459956645636,0.0249979450739269,0.360323790063028,0.300104018476653,0.659881062521665,0.929587997013495,0.729465101152087,0.0447192676936128,2
0.947492411773019,0.866865750567815,0.801545906927656,0.125793522072128,0.340058759263752,0.849059892107276,0.0576382451640145,0.637049639800041,0
0.391809018431296,0.426249298309338,0.727864681722871,0.0786413836476138,0.197665493433453,0.527578131297836,0.607445011248797,0.114497992925222,1
0.916739764910055,0.171177693979101,0.350301004695146,0.633113510308773,0.999482406343259,0.207435400450983,0.466329930827924,0.624011015523649,2
0.297379358823732,0.961193276191722,0.519182490025195,0.245383992665113,0.66489387272538,0.389323209433585,0.769032535284397,0.0291278461411996,0
0.508931411468596,0.81702352369495,0.111576480070976,0.80281829420266,0.517094712819254,0.333581283828229,0.953900089301893,0.555397999644911,1
0.700706413491077,0.624547952398468,0.926120824173304,0.113834934515326,0.0865712159745397,0.535967646840909,0.394900631752503,0.0229664401298215,2
0.599379360655678,0.0463176991437516,0.498156270161597,0.994569485918221,0.862646378190802,0.179579812445936,0.926629334836705,0.953127247809267,0
0.273351494886242,0.924645577313804,0.19864123400128,0.269836663044856,0.558011942352914,0.121667338259854,0.990341805250834,0.23731181724476,1
0.00367165871800835,0.34105269810475,0.614097665225865,0.0967468112639294,0.66295294208866,0.788425934939897,0.0764297546525297,0.299508755762082,2
0.507459372236691,0.298696074882748,0.794922118564112,0.0369321528186125,0.0488808973653587,0.656434948766648,0.568372239491929,0.954645475229947,0
0.386538440455835,0.374848079704638,0.914535834095732,0.88854129759048,0.0639194977208739,0.549350905315675,0.151161718571016,0.827653217024751,1
0.0761959767980311,0.1804380184291,0.627213910027042,0.0405294356544471,0.90308376429328,0.882006470885026,0.617277600296807,0.994198317226134,2
0.128875410882346,0.682658982096979,0.553211166268331,0.0177167126880514,0.389741301281402,0.238695120142484,0.922441001948899,0.657171753115319,0
0.805805051361862,0.384006376621595,0.623500068258927,0.870054402092635,0.204677742717709,0.399125432319526,0.8567865640403,0.615652983851171,1
0.729424380904403,0.935072151720045,0.965390668964065,0.505018806781144,0.856080878651663,0.481216571881182,0.587217319596994,0.0517899202260237,2
0.636767287550797,0.649984094504331,0.695042089362512,0.995352115146816,0.118288397179855,0.901928295023763,0.191973272783017,0.825829702355766,0
0.249842638448736,0.3303229112283,0.800491410339985,0.427586741485374,0.623707661118008,0.297886278561434,0.829039673816156,0.443353517016006,1
0.537562191148374,0.704528024081979,0.449045793548279,0.988590810339101,0.986416725279801,0.932144275561612,0.136066806972761,0.245520376265373,2
0.607977481602754,0.596683258313435,0.403207176471228,0.144340108049626,0.882698069443651,0.0698445507363764,0.717192026560278,0.628546947225688,0
0.303609406738584,0.580415899242844,0.732896798008615,0.574707093465283,0.571054760255077,0.366103142594422,0.41733716441718,0.997748331501911,1
0.847252924127148,0.143970468377497,0.317534530896822,0.193641461796612,0.672191142919332,0.496040476356489,0.97033035079383,0.0922060309499858,2
0.912385244747623,0.353681885770518,0.868019605431099,0.731706976366517,0.453950420731709,0.146642652819595,0.2402226123906,0.53706968682931,0
0.244284241381722,0.352572429027694,0.212525912711418,0.789201368000842,0.633053587289862,0.651567196736624,0.0928563884729377,0.544880666200486,1
0.262962076687343,0.0014713199638888,0.578925748249847,0.706939314919833,0.0120704059911831,0.603125345346607,0.0179770958113818,0.636812738057545,2
0.130543055123015,0.156356178420951,0.820822863060002,0.410464091303423,0.657903014759094,0.989769717359877,0.640055152160958,0.519617600264818,0
0.253999770960538,0.613115506156259,0.898806348383312,0.701484034285189,0.684234966890858,0.151498071237561,0.142631568189022,0.974904966766301,1
0.333796751031665,0.621124451442107,0.897232165441181,0.994529020103161,0.386532235743724,0.131463155937586,0.607726400866909,0.279825071163327,2
0.711369131024399,0.388480529363152,0.738316174181914,0.721661082832173,0.277111800260654,0.395785631477193,0.472666633015098,0.816747687699368,0
0.417459019693027,0.58580796882677,0.3538031925459,0.612933583503108,0.882700644462591,0.579646769596824,0.904332716757426,0.0269259672497558,1
0.350134206897159,0.919315904397906,0.518564269606958,0.927686958805885,0.265617346769125,0.9526961794899,0.984518398247418,0.777957126630479,2
0.283421032068621,0.32677597942932,0.785344309843945,0.247916150799037,0.0569013591841105,0.417299156886472,0.312087446420314,0.00506194082679686,0
0.335308633839763,0.0782515621341721,0.637399024080121,0.144557034433601,0.270288698906239,0.828797694376379,0.439942023967189,0.0778467545711679,1
0.895629291647693,0.0799332100766705,0.0469947614770706,0.706320034262855,0.60033729860453,0.287125980170939,0.436926761032997,0.5510796284932,2
0.366352522446692,0.266637272439365,0.966134864299203,0.884954389479458,0.573304493300834,0.818619260990237,0.980772688733829,0.167926198889856,0
0.965820183745925,0.49800022067596,0.758293069116409,0.516063907186953,0.951096713808384,0.7642339432228,0.654327929724732,0.0642546243507482,1
0.0624311731011194,0.953789734790182,0.826065965552673,0.381411627468817,0.857182085751685,0.280793386067811,0.696105712490718,0.456656066225763,2
0.922425412043062,0.380854291403473,0.614802573410902,0.248124582367442,0.836682994125798,0.542673771093779,0.428025707776646,0.562442027194536,0
0.543002725379284,0.108241814650303,0.223971813807845,0.442166999355447,0.112936663266963,0.487333816288484,0.74004497978571,0.986656828642935,1
0.988872106140872,0.138039295784067,0.529131144804358,0.275444327709562,0.106213941709548,0.298448281876623,0.576134513175843,0.0321756179713357,2
0.323895239164455,0.172514385801081,0.18970067067001,0.557113694459334,0.586350481599105,0.825259690140455,0.0632987913558085,0.681672681749974,0
0.785740163528347,0.361605733855912,0.300084622580196,0.544964412398987,0.969828713877364,0.281850144247182,0.405069947039023,0.974203639515662,1
0.216549403683611,0.953621052810818,0.801251711083291,0.143056060786181,0.528687537229795,0.756099092322868,0.674135055393068,0.0124620051944102,2
0.478242375721049,0.00283758247055849,0.830120142505854,0.364047439328123,0.650121890183329,0.350005686992265,0.677982109961237,0.771761010668869,0
0.574432053891656,0.0915073807217609,0.526577946909473,0.255805597872331,0.0145435917555587,0.891635160265286,0.396677498535017,0.857158373420174,1
0.766459844595695,0.944161198392644,0.80267180657319,0.6905363354913,0.0526309487791923,0.412544589166725,0.827863134392856,0.956308761290969,2
0.794037690637156,0.897219384242884,0.144652610188973,0.579295994194821,0.00991455684754538,0.619855840435451,0.282005773069812,0.682691120890251,0
0.85975673544369,0.859290286357322,0.343714060298684,0.709881926753971,0.440797122174535,0.71480312032057,0.105946290545405,0.238726094980838,1
0.135689466985277,0.748747707840825,0.627608243634341,0.341052538321149,0.629959708936021,0.854607323618154,0.0450390622014854,0.0625897213901156,2
0.969600389767042,0.407668912656496,0.634324640660511,0.801078441145482,0.753361706099727,0.754384369966708,0.267423909095279,0.587563016225776,0
0.474470435748942,0.484558188153134,0.840095179152339,0.726967583839932,0.942394857345847,0.576814357546685,0.606496608360328,0.0880701813911071,1
0.155040867550841,0.1317580898549,0.686743800074014,0.204965631816286,0.366572253190352,0.930384278375424,0.965109237267908,0.440244979345893,2
0.518845576120535,0.861106969832566,0.906145119593091,0.976085150710045,0.428438538509127,0.793333559025704,0.651022602010685,0.435952107468131,0
0.460210777937648,0.674775040355356,0.765120990283653,0.95193865689302,0.901950636225443,0.981712380337419,0.352840967666737,0.782872273824037,1
0.825253964356485,0.637749258954503,0.132581949797993,0.203356753718143,0.295841440513346,0.660684212642598,0.3890819084575,0.232353056228662,2
0.798229695877561,0.485583722527576,0.116591216114879,0.470765798326232,0.169885616979529,0.0123582045340656,0.715929701162338,0.559618419669174,0
0.27695168283901,0.847646320155373,0.557747091139179,0.429915862544312,0.14191511304207,0.0792317407592985,0.243940170326107,0.107452944635191,1
0.206532645546324,0.925661709084699,0.834375926526745,0.0842173501494368,0.668047962081302,0.0312570883609843,0.244020509315251,0.481838274134354,2
0.898927763228764,0.678725150405007,0.366273627257891,0.226185587730309,0.782385435466528,0.992603751902514,0.0640542115425007,0.989351407413409,0
0.639443047489414,0.434144879235522,0.586326339800149,0.19505166700336,0.124165641976179,0.773256156066207,0.99559586364433,0.536592525192191,1
0.528897156738078,0.331874579156832,0.196455983901162,0.346488638702898,0.107276791678364,0.630797642579392,0.636861369540445,0.566519380398817,2
0.166111156056472,0.0220226191068523,0.742706846270072,0.0814904231261791,0.926056962474165,0.226425488819233,0.140359153698527,0.995179465842965,0
0.732773550281769,0.430943689875434,0.783983614370256,0.201668697936459,0.725299280435916,0.35558615779883,0.913499338613585,0.929062411187295,1
0.990935809687394,0.895128760915139,0.116190994957123,0.758091314996269,0.987981910174031,0.599988516609241,0.487650402046724,0.138843407285252,2
0.753851756722069,0.443387553012072,0.0708995721263938,0.773284839332283,0.47623224119873,0.924136517037544,0.0763394397040903,0.527985941976505,0
0.77143252499738,0.594382312246338,0.929206016843793,0.857826485346912,0.237781794078567,0.197165136461544,0.436337312754471,0.803898909428886,1
0.400845491189636,0.536275919374661,0.561961991210039,0.552360050459689,0.571009198892545,0.440207123860801,0.783553531779902,0.18884793234033,2
0.678431975590825,0.492424680974024,0.254440841925325,0.313979390538005,0.438348942059609,0.686743210335671,0.0910172887032237,0.0349996635641474,0
0.863375219301563,0.0911124902417611,0.716852804736816,0.74278300244072,0.928074294163248,0.576848834716884,0.594935096965013,0.235550555192229,1
0.825920863866081,0.644717193356553,0.0660026021694068,0.497721570904774,0.214167691803445,0.799657049790684,0.256465748543034,0.189667091408797,2
0.546638954872944,0.604220237590545,0.488728937356071,0.302390133474676,0.694224697348356,0.324834181797406,0.165327278570471,0.623841617348,0
0.500296470272329,0.866238749479726,0.909135740756208,0.465311663703817,0.740947733073725,0.709158728397524,0.97515313243151,0.951269938799136,1
0.956035890866178,0.444821224926759,0.207646186585227,0.79888891672131,0.69847723469368,0.0476636228341569,0.372121678683172,0.346459689500102,2
0.436541893272111,0.0813638845972136,0.643101790074877,0.950261117111799,0.090692674890657,0.530162510832367,0.157192757347275,0.707972882984999,0
0.805820058686103,0.102892295191746,0.952973664665813,0.795533316719128,0.995353038869923,0.703833709581009,0.953856160597588,0.97714711196276,1
0.54177077009759,0.261685337505182,0.984781654164838,0.296421941806904,0.606320241807341,0.63277931284897,0.855551868995436,0.63532003948524,2
0.917402899882864,0.387830726752016,0.197725415689691,0.859631568212176,0.539175485641747,0.888468768369712,0.707242458304658,0.902408888460877,0
0.296610693690129,0.826297529057833,0.983618914521117,0.936181528403536,0.634672593515378,0.683623939954448,0.0639924934423992,0.240539627295714,1
0.301959847744769,0.142941617408583,0.103239543552162,0.842157684549392,0.89761312048931,0.000121736454318544,0.712361980546599,0.464089101179765,2
0.934121855927935,0.840292423608943,0.251578474565,0.2443798739197,0.877047401527126,0.484447239350775,0.950755771532969,0.946425886464737,0
0.235408985665629,0.302656089060584,0.706064015131667,0.253659884598004,0.368853851305529,0.85411468200529,0.087233870173537,0.180159489600317,1
0.564725929999841,0.794853844972282,0.301098303230182,0.735345393976893,0.261026734019438,0.293892431494118,0.267375397516857,0.619172287330318,2
0.179125574343387,0.339874421926228,0.769135122693526,0.478316014520063,0.952473867535795,0.61170269100917,0.285324352378589,0.85543310943326,0
0.645491310973862,0.229573841824025,0.504188116400235,0.168082922436859,0.347629736776425,0.64282700820094,0.0212900513239258,0.347401957710504,1
0.197782578763954,0.0184729310991198,0.467289935378583,0.575517184006941,0.325929600403884,0.310118220755821,0.761744508293166,0.8093779450392,2
0.862796911777058,0.417684413346056,0.104835472308615,0.986686406287805,0.0587338541077782,0.719969218244022,0.502146612662794,0.592770631879237,0
0.149002705779797,0.223651540169733,0.451225937469801,0.489824848272685,0.968702483204514,0.92439853556886,0.391803774848042,0.380690723162184,1
0.858696872943791,0.0464066897299862,0.950658974157117,0.0906073285710113,0.449230861480998,0.141906066783884,0.224725235950487,0.662695547538451,2
0.0812987310282142,0.211831632143139,0.0907652475182257,0.365347997536069,0.209460306938025,0.175461417229166,0.76554530285826,0.416298642320825,0
0.598727393336402,0.689386917948818,0.523132158752418,0.907134930825379,0.168040463910657,0.976614536277048,0.715022854357598,0.365959239303787,1
0.410872523041974,0.0059774411526978,0.807452547089161,0.0408545149998608,0.0109910844861408,0.128694786010998,0.558691615836411,0.385571658518559,2
0.586766730455122,0.20875238276546,0.251562433333181,0.478056795519454,0.574350513227676,0.998306231401303,0.836731199378195,0.613863814655776,0
0.361459103573579,0.337313433484701,0.796579450268199,0.0172651888117101,0.508494940947367,0.744823125028324,0.82573274135407,0.8023932435374,1
0.0768924304707221,0.736134454949976,0.232854705030691,0.489279999049011,0.951269799344099,0.437997125000192,0.740912372375763,0.815945572057419,2
0.600775234443689,0.790060754267059,0.0571282282220603,0.00150547688268129,0.960831444184762,0.114387304022351,0.87981774047191,0.098148680160415,0
0.0406438178985281,0.365895938164849,0.758229414286761,0.478032954941065,0.283996987159431,0.614606996648601,0.171846961397648,0.225771165641754,1
0.634443891283903,0.255747369204719,0.352667475928884,0.752165695875825,0.525716384890764,0.436845060761905,0.468195566541063,0.629412576921443,2
0.149988869679201,0.479098429705988,0.97072010280251,0.799266199924475,0.173823032846908,0.769269460265366,0.882760127501713,0.972658116346004,0
0.758565825484265,0.981644988619085,0.207669756098213,0.806963527886963,0.514451833423851,0.93394263687383,0.389606930167886,0.351645624605898,1
0.313256863631468,0.486465383969361,0.503929890978451,0.78242010932587,0.149345898329412,0.0591400985687752,0.773080237162928,0.605700685308102,2
0.107128430861566,0.154854239456531,0.339611219355669,0.103766615560012,0.710323784844913,0.935902435459854,0.11676837744582,0.127869063543388,0
0.867032749943971,0.150881265980787,0.373984896060276,0.587961262148825,0.512053474488445,0.120072755724787,0.188775689514946,0.90337554542648,1
0.366575253896108,0.85335552630921,0.768024983386055,0.476674375760857,0.187456475598563,0.543208037699593,0.983067652607172,0.5103183522763,2
0.45771547775186,0.571625940337809,0.580449665184729,0.374125696766819,0.490140933904705,0.0787275753025554,0.283210604295343,0.477416878057493,0
0.442549568483282,0.866731620739729,0.890792454384436,0.33033983187434,0.821492671104426,0.701593360966388,0.502368124992252,0.0837491553330826,1
0.123738573038349,0.899024327767008,0.838340202747487,0.336052354528199,0.281776692059676,0.0534227033996455,0.0353253917006181,0.469382479296088,2
0.439683728001614,0.757865289893963,0.00300866525997139,0.989929442964865,0.274881262648344,0.570587252138268,0.702211510937847,0.453896090595396,0
0.567212201317445,0.293215628371449,0.301356161601414,0.0995065524649072,0.168424695477078,0.374152011234795,0.404571780528045,0.0489473310162871,1
0.38010726160038,0.572571232196545,0.369522517944431,0.0297696468071173,0.0911645796462967,0.370011667594071,0.260779033636841,0.900269348582602,2
0.859963527970626,0.745072473380653,0.648799131001247,0.68199735660728,0.366665065921585,0.281508774191417,0.702006213735004,0.201072073589539,0
0.919997770087696,0.0394234874185457,0.117258314950309,0.832014551683704,0.758882773878895,0.778949042559158,0.173503047701498,0.745155883217902,1
0.0729528596559118,0.37995433312633,0.0579434204848084,0.029059145520274,0.120293770898976,0.211867114023634,0.529840285141861,0.413116962187335,2
0.464067431537207,0.108339462382084,0.44396805921849,0.997824792264729,0.602990733302019,0.457373322987798,0.747890191470413,0.468239838854214,0
0.520478115375698,0.777559060014489,0.873060087311814,0.606579233583795,0.205529887168042,0.505692224165069,0.472798868711156,0.507377166626392,1
0.458309388861527,0.432596357417467,0.396095226655245,0.0810281933065964,0.281029527744527,0.28314612303628,0.579037656035962,0.233065081456667,2
0.189306095766829,0.721199501769857,0.0291640097975261,0.280107561696441,0.299550704234381,0.435653975759845,0.0840965652165557,0.568755698076078,0
0.187971248053833,0.49051285819837,0.900749037466419,0.371449656894867,0.584431384748411,0.16827283288925,0.532687742175143,0.703956818826819,1
0.215599037832395,0.416420879445258,0.933621525443819,0.184305482424448,0.695430036791967,0.0669360234256171,0.330603222542023,0.860117985748998,2
0.887727779297249,0.479702296180156,0.870128697714487,0.362273121974528,0.468105780304671,0.938919066424868,0.138351530456363,0.876588246264006,0
0.0661492756793918,0.46170929425051,0.174741070283464,0.389820261727663,0.139789556319238,0.0273217950852756,0.109317811759494,0.0997653607968832,1
0.398823965888656,0.68555444786564,0.194285215445193,0.277470197849347,0.739452295842547,0.0704776400618461,0.818758826652476,0.0509747600255244,2
0.356658150286647,0.571524854957792,0.853384062224889,0.708824005597487,0.797163796640881,0.469830868024579,0.0178799866237546,0.370262244218746,0
0.0537574265326719,0.722333799194643,0.217666812622457,0.379579887587268,0.0448040991493158,0.053887823041764,0.140478292699732,0.367109863553173,1
0.946932784838296,0.263922379446646,0.681732201972165,0.400406195982977,0.812413279797742,0.546808953464347,0.631306846593811,0.898514466089238,2
0.801437581635206,0.597704007899477,0.544672058326379,0.746803929346322,0.0768324146789966,0.613695162434888,0.916443332900895,0.791350885660822,0
0.56522001525123,0.321605247801672,0.594181341947223,0.475341036432904,0.97038387061525,0.813192987688451,0.191985875101417,0.550805546358264,1
0.602172787123621,0.581709401605954,0.605366730755687,0.216955720865688,0.2795455177874,0.89937486826401,0.414069803993236,0.108153262534793,2
0.553188418650389,0.109924827554851,0.917944756101923,0.198664800998857,0.87442508598671,0.597773023604058,0.35269658530788,0.0443120805346231,0
0.178825357273439,0.136045391336365,0.485017287051961,0.356503035601573,0.468820880932136,0.856712146442096,0.521543050175311,0.318694684012296,1
0.00547938502936186,0.724151704717299,0.4345573881826,0.161391438504259,0.125528353331791,0.515531117779933,0.613580137613366,0.0246638948733905,2
0.0964245461712976,0.549352186142597,0.769467504200255,0.757923754269953,0.21754032364645,0.877871975404481,0.727761912420872,0.624956396177873,0
0.215932735313928,0.385254884850659,0.0332550550691422,0.0229605305312548,0.252132729494056,0.563792733083504,0.236852033133568,0.74788067791066,1
0.296698709191312,0.793854565471613,0.63133642080435,0.26872985291973,0.122294745327995,0.204373334146778,0.908382609188243,0.23935612226663,2
0.902436824485562,0.0493707009596046,0.374506679047882,0.972441376881993,0.391717602236753,0.939381675352528,0.645105867932205,0.518710327441439,0
0.206690270642798,0.232267670231382,0.49638084275955,0.560795804458175,0.436243068118029,0.0879999429502234,0.301537370718034,0.918334183554361,1
0.209021277742444,0.109813783609792,0.454113711379072,0.129162384894896,0.629790040412201,0.246948460066525,0.9309159954559,0.865795646510998,2
0.984990024305785,0.308272275659072,0.731720187718052,0.860800947081435,0.915823796045274,0.923567100663004,0.203701504618288,0.247931361052602,0
0.268455774734246,0.227061710285671,0.969390538530476,0.634361454661413,0.184854755370909,0.0715905437167035,0.609703246839572,0.297537167681012,1
0.88683813252317,0.335831261384223,0.356710219004559,0.1502442781875,0.999758691196874,0.0434295457967699,0.210126034014307,0.656191161246648,2
0.797177846636169,0.511321073266032,0.0879640468035024,0.220513815605002,0.912074372461037,0.8684611261198,0.604010699174347,0.257193607542788,0
0.00929876098914837,0.525056747547141,0.947587628074976,0.845916063306811,0.243055864409471,0.0738130992609542,0.51835221682658,0.39258892296573,1
0.634122374852105,0.390698105023853,0.062685420358548,0.0670562462425055,0.815117904649367,0.74102371081686,0.741106988179613,0.526574469206517,2
0.449111418256402,0.274266340990694,0.226457633405826,0.323621080171969,0.224667457179286,0.541220203986796,0.774774962284378,0.15364167754272,0
0.483601510426606,0.971746471669239,0.568133415998895,0.841969554044603,0.760486417928118,0.0546402336950251,0.478734961682881,0.664642112201776,1
0.463946083595808,0.500896837962724,0.0759726014620821,0.331401026750101,0.959642215755413,0.258042825927696,0.637342691858709,0.0380381539919457,2
0.792691906442479,0.959595373377346,0.477282029097903,0.601709223383582,0.744951020504457,0.757767838661484,0.848910248948671,0.910251195562104,0
0.523244121214929,0.575807808915889,0.107515491137709,0.82820728653617,0.47532425432528,0.0911489279560563,0.993338293359299,0.79766369767825,1
0.637344278440754,0.8216677303926,0.268645281354725,0.256072521479456,0.647543479335764,0.117589437319128,0.450624336363246,0.224508094282369,2
0.309513441597579,0.718497643393817,0.308972068602142,0.491526828870809,0.124923641557304,0.0159722713589944,0.213202938815042,0.793969252174172,0
0.162204939203732,0.834516841033254,0.414205437719655,0.160548288279708,0.233935810449691,0.865071158842625,0.339302705031077,0.472909902998431,1
0.14904773620995,0.325975271639236,0.724234654022978,0.44254481628802,0.211282816390639,0.0993306570506153,0.183270392405922,0.173441920865874,2
0.468740616832135,0.96205078139836,0.861529479414611,0.215718993622873,0.706983163377659,0.928172834190873,0.0657475882224002,0.58327998526255,0
0.130931256556549,0.800771661872133,0.184924846580907,0.941223179390766,0.776320107707587,0.734870629692228,0.527640438951334,0.749400042837782,1
0.42430922498669,0.422003460472973,0.148887838130977,0.584688022883375,0.806052309731947,0.412132691058563,0.145387769315789,0.599127958603133,2
0.858591473265236,0.509456267774935,0.455081419286947,0.195770334972665,0.863748038857735,0.79938252861748,0.0712686272755792,0.282526852976726,0
0.165043788997368,0.883122882317687,0.838543000055677,0.791731172849216,0.33344364934344,0.0550007095197827,0.179569241203362,0.741580192053405,1
0.294349979329937,0.369240721857301,0.920213001845909,0.298769501912098,0.376416191515542,0.822832845496435,0.575206712637576,0.704318378359768,2
0.102140280401536,0.61526450548746,0.211752782103762,0.630316130325865,0.0542050178276538,0.187994535005209,0.297669289869544,0.551015726739979,0
0.756119042870449,0.399755198441899,0.97754207110959,0.484067635464061,0.578383932909964,0.418799713857873,0.327808453071079,0.322120208705094,1
0.0909274792476857,0.829322628430592,0.107879486765301,0.888798941780184,0.281587945407504,0.0835157994397431,0.652737460571494,0.163047768004208,2
0.343371261565063,0.375675166222278,0.592195612265268,0.757375024987805,0.163607040752369,0.44587791475867,0.611786917640837,0.903691069679694,0
0.266784975800778,0.203293437243295,0.00576715842369386,0.154278954670123,0.444704167074943,0.506140801805552,0.436711016052505,0.155400276082572,1
0.939120512885502,0.13329647780564,0.761013462236763,0.16099934476801,0.759248197209501,0.63973957111652,0.0214061848566631,0.903079983365077,2
0.0557945298868454,0.417508021732308,0.702597674925673,0.176801515670998,0.847693705006999,0.851674931943403,0.260498979715443,0.170620190791763,0
0.39902633205327,0.328124451966838,0.507869489334427,0.170482061699173,0.305191147059279,0.536398050252415,0.458218514593767,0.858445622347196,1
0.199303181809528,0.0816219067921148,0.932458197759104,0.323907551080575,0.450619047086728,0.140642242595406,0.254695517180732,0.961892509541202,2
0.525015530833879,0.665595041976482,0.653076008867119,0.101373758736745,0.737053522492299,0.557255052538978,0.841379765301745,0.580754500539956,0
0.676985954972256,0.645257280282759,0.441414854433949,0.203084042734276,0.997556492437315,0.424543877508817,0.333287059646216,0.704366521628653,1
0.911453502868231,0.841495207663808,0.676109070230398,0.445583874153983,0.344462997341351,0.822661747381867,0.328576070069201,0.493187283146421,2
0.225845030100758,0.243193515315155,0.761478351674196,0.312236578331615,0.381033362045969,0.849562348542054,0.507051614239722,0.151124669988799,0
0.56314143342193,0.0548306519567351,0.988086602640802,0.331383148274391,0.329768732755585,0.392664667900508,0.62730304858707,0.194458864580297,1
0.283321373238402,0.453818098570398,0.415739768826884,0.375016169661233,0.0750868589690571,0.234539367862921,0.237014804506481,0.921522732319164,2
0.492798895729196,0.777823784728271,0.460201193320719,0.237225131101155,0.214741344595563,0.435885153447873,0.337625884828687,0.239888183128881,0
0.937839394557248,0.323377113235711,0.222543247912115,0.0686655757946489,0.36586033744671,0.67931509074334,0.28141288122844,0.255842895380433,1
0.413821049714557,0.729123665499378,0.856720951727132,0.869280974535073,0.480899575738988,0.407203966966374,0.776643924318425,0.0675142613069302,2
0.595624042769733,0.73452045400225,0.839333121848478,0.430501729101692,0.509218131140153,0.568230534408603,0.398536834182544,0.576895236205089,0
0.145071219440321,0.680728043847937,0.684403345058141,0.827723838631995,0.189721294437281,0.650925702443294,0.266734856359378,0.300815800779677,1
0.0255698492525574,0.364005359176711,0.127955111117679,0.356903425787414,0.99295152905463,0.826830951843757,0.521560158751141,0.173282938528469,2
0.334409063168769,0.991615790283299,0.303646376881962,0.380355878036507,0.111582488161706,0.382508728347653,0.799878359398134,0.390375948356148,0
0.085449335002124,0.108322048452232,0.382299566218079,0.161394215120916,0.616467692141996,0.462907234141889,0.784271455135395,0.0526028324670228,1
0.971064055501436,0.989653640644567,0.125125769111228,0.895331134814468,0.98544133927866,0.115607095625265,0.993117676106227,0.931820781594201,2
0.708628479701871,0.131437981452138,0.433857526181531,0.39037883373977,0.530539487345316,0.733634494970367,0.897959905555607,0.686118546270135,0
0.435267953457695,0.812917289548546,0.219762029107684,0.965290211899961,0.820850493908927,0.514945745327861,0.00464000130431324,0.0237469494400703,1
0.481699752162407,0.864225062457193,0.617822066049242,0.610040519456194,0.224351657467502,0.281353377998251,0.947293226141472,0.0436324264685562,2
0.343160423176534,0.0298824404872805,0.398668015780244,0.929434846495878,0.90397045730311,0.877216148210042,0.821839304946679,0.841852603124954,0
0.916282881370665,0.365914328829551,0.745553071424369,0.715325806570489,0.912797558710881,0.488862173705771,0.694744653846009,0.244159891252911,1
0.465323010340135,0.918831017446874,0.662429935090121,0.596630927272165,0.076589768996401,0.628923068255851,0.406721135161519,0.98239399642977,2
0.439187998344754,0.316870537775895,0.244737934043753,0.80891714525639,0.192427823306542,0.989054179436181,0.81146803313975,0.302349666663048,0
0.0992506191634878,0.116262130537562,0.481051221360705,0.541898442504301,0.0693243246362743,0.242629243371944,0.6531769692216,0.197133725128579,1
0.0625757598228388,0.27296978449601,0.862048397610314,0.739966878556403,0.979157101456679,0.75790694631043,0.14971539819014,0.681250171855671,2
0.0956737035880958,0.953894149537051,0.557972343542913,0.209495138785757,0.333487059576692,0.442880653122749,0.40997628988273,0.979069401149828,0
0.117895839626616,0.806417154673534,0.168561709406143,0.975407677625186,0.993288615825218,0.144419599014264,0.368631494257857,0.428022042839056,1
0.312763777752989,0.736459210299594,0.216118842086151,0.396614727566718,0.490167315324095,0.341452069978599,0.0745060976349681,0.684556236652104,2
0.524879365751358,0.911763866225828,0.331988253477835,0.547790194171234,0.15430812957273,0.257400912849034,0.352240681102104,0.0382868600419869,0
0.782331924104822,0.70432808503237,0.298703458767007,0.861606023193534,0.768496042064319,0.445390682221212,0.906845245161048,0.885082013580902,1
0.861007869487755,0.626174003826021,0.816062678566684,0.266373100095728,0.86190355243947,0.198287188849546,0.609980380787015,0.75624883739536,2
0.19154010706622,0.612749642601271,0.022051918592275,0.948986751989027,0.700449717510576,0.221664102335549,0.706632540691881,0.469259467477429,0
0.91978402710614,0.506384656389265,0.426859365539779,0.829899936619868,0.291936165224631,0.677444308912746,0.746333695407236,0.457384453999041,1
0.270039143076051,0.262679371579785,0.139635429434299,0.106581630886263,0.672320604480294,0.0703791060869655,0.177666334527008,0.325481086699039,2
0.953092202346575,0.564931331699592,0.494507133043018,0.152661963245244,0.279562033496957,0.878919608785192,0.07175149708473,0.366244297125537,0
0.394789462314756,0.250007755724662,0.515929493466872,0.0243145368940163,0.574362618318636,0.899323672326473,0.48421746965104,0.149567112130732,1
0.0205788136607297,0.218965701104204,0.969603882437883,0.122795572650721,0.00622772097128458,0.297841487875865,0.876823977031049,0.517135237346652,2
0.338917787613181,0.619172488500797,0.716919450031297,0.919313531227114,0.850970462338039,0.359254905346953,0.45189667792478,0.551961552111468,0
0.378103333545933,0.644079111295402,0.534232257816263,0.0912071201758604,0.281672984358853,0.736534595538365,0.691557898381317,0.569553229082455,1
0.234996085587014,0.177632634025876,0.611380589169946,0.960022211938917,0.991603285638736,0.192241837261983,0.273486228611648,0.331229356925639,2
0.741217269333367,0.32434907829801,0.932322781576614,0.558946689691652,0.850926172905107,0.386765915451616,0.209734022665213,0.922454464381754,0
0.430144886552105,0.439352462300154,0.723816318622791,0.546778176538685,0.441659526142089,0.324756032122341,0.224195165719075,0.00397123182003533,1
0.724361857671331,0.280126068047215,0.210065688889668,0.585003652224127,0.171514886718555,0.798787471873141,0.331407687113694,0.144417302000997,2
0.0447945781202231,0.959377113399493,0.0163430852627663,0.585294331833745,0.0535798303276706,0.177504261792718,0.854594960987333,0.225934835483598,0
0.631615825161222,0.671656873938921,0.0694464063285213,0.479605549930704,0.806471431314212,0.533156206323868,0.858505803618746,0.82060230929169,1
0.357066742446431,0.0613172892029603,0.0692048382781502,0.11907584883265,0.635450572010907,0.803294942290541,0.630201166743455,0.102360911672438,2
0.538598878839068,0.415212943716633,0.382407709225039,0.370474558440875,0.0471539812957776,0.837411300642863,0.0407890477778487,0.969393753275822,0
0.25428257305295,0.241193213620207,0.868000248372233,0.181253678853682,0.71559413246664,0.652221813234675,0.511847303553311,0.34600189204558,1
0.767467714038109,0.174286441260175,0.953310897641761,0.715651399202976,0.748441009591928,0.295694731786247,0.0101669814927998,0.981931625631702,2
0.0815323058421283,0.530595797419326,0.539732067971948,0.595932384359708,0.0107646520952734,0.0828508926906478,0.798205119977379,0.264966347246411,0
0.05111235219237,0.863158714344501,0.652506220609269,0.645677600143163,0.718318627113686,0.769754734697913,0.0230477427134497,0.0391074695346109,1
0.920686612748495,0.0399413429959792,0.307386780247932,0.253132394874168,0.879040160888512,0.610026660281092,0.489688308627203,0.264146042106634,2
0.79022275789451,0.399410217141933,0.769016335199958,0.00412513640281988,0.854734497150774,0.363315437776268,0.355834973877882,0.529188644173156,0
0.184201444059939,0.470482010815887,0.618979527771162,0.652757190363725,0.303434652692759,0.311109635247192,0.59718574405019,0.245843710915172,1
0.822885317754455,0.406540949802766,0.43273112866479,0.461668811023475,0.309576434711227,0.717426361825883,0.541162563133851,0.628131407356889,2
0.0605285194039424,0.59861385495589,0.560130846191373,0.971656675713167,0.479461621716019,0.178228628168801,0.92205834226629,0.789298827101983,0
0.742625667986516,0.450529243973208,0.683414454226774,0.482678804925562,0.224848227894548,0.713676182813288,0.369302991465546,0.470724751768665,1
0.124347197417628,0.318228352264786,0.9877026596935,0.283831017894497,0.189481457203306,0.572993221582986,0.995542267279454,0.195492963942503,2
0.146940463091485,0.227962346188878,0.981192106642085,0.797481669874767,0.00253762752176246,0.062604111592328,0.590186660454251,0.678106274785853,0
0.712587085576898,0.295703464884207,0.853012143431165,0.372790068848692,0.624637808062207,0.21603349769973,0.637729998444363,0.606095045245809,1
0.989176647540234,0.145837016801824,0.550842364973984,0.625170390691276,0.117453599551954,0.911914618784054,0.647412724393082,0.995133409877056,2
0.182982095702962,0.993137310501996,0.507752297938404,0.278937816706617,0.598304830690469,0.574201676173302,0.45803604684262,0.838757260076027,0
0.308433553664454,0.92285972925448,0.828671570055704,0.194588378756715,0.367102851861004,0.24116144064533,0.0522459620681647,0.652358010105642,1
0.898146939597265,0.562878655351357,0.570681899606634,0.139628007711343,0.57808478637597,0.874938987641929,0.0162017041559353,0.96163727821117,2
0.103178230680482,0.443153520138847,0.499730776489674,0.977828287400604,0.787872471776772,0.454563449982578,0.0605391721090302,0.491868628825842,0